"active";"category_name";"reference";"name";"color";"description";"price";"quantity";"picture_link"
1;"Maillots de bain";"L058vpb-XL";"Maillot de bain ""Frange"" vert pastel";"vert";"Maillot de bain bandeau ""Frange"" vert pastel. Rembourré avec coque amovible. Tout de cou amovible et se noue dans le dos.Composition: 82% Nylon - 18% Elasthane.";"15.00";0;"http://www.chantefeuille.fr/4253-6736-thickbox/maillot-de-bain-frange-vert-pastel.jpg"
1;"Maillots de bain";"L058vp-S";"Maillot de bain ""Frange"" vert pastel";"vert";"Maillot de bain bandeau ""Frange"" vert pastel. Rembourré avec coque amovible. Tout de cou amovible et se noue dans le dos.Composition: 82% Nylon - 18% Elasthane.";"15.00";0;"http://www.chantefeuille.fr/4253-6736-thickbox/maillot-de-bain-frange-vert-pastel.jpg"
1;"Maillots de bain";"L058vp-M";"Maillot de bain ""Frange"" vert pastel";"vert";"Maillot de bain bandeau ""Frange"" vert pastel. Rembourré avec coque amovible. Tout de cou amovible et se noue dans le dos.Composition: 82% Nylon - 18% Elasthane.";"15.00";0;"http://www.chantefeuille.fr/4253-6736-thickbox/maillot-de-bain-frange-vert-pastel.jpg"
1;"Maillots de bain";"L058vp-L";"Maillot de bain ""Frange"" vert pastel";"vert";"Maillot de bain bandeau ""Frange"" vert pastel. Rembourré avec coque amovible. Tout de cou amovible et se noue dans le dos.Composition: 82% Nylon - 18% Elasthane.";"15.00";0;"http://www.chantefeuille.fr/4253-6736-thickbox/maillot-de-bain-frange-vert-pastel.jpg"
1;"Maillots de bain";"L058vp-XL";"Maillot de bain ""Frange"" vert pastel";"vert";"Maillot de bain bandeau ""Frange"" vert pastel. Rembourré avec coque amovible. Tout de cou amovible et se noue dans le dos.Composition: 82% Nylon - 18% Elasthane.";"15.00";0;"http://www.chantefeuille.fr/4253-6736-thickbox/maillot-de-bain-frange-vert-pastel.jpg"
1;"Maillots de bain";"L058bpb-XL";"Maillot de bain ""Frange"" bleu pastel";"Bleu Clair";"Maillot de bain bandeau ""Frange"" bleu pastel. Rembourré avec coque amovible. Tout de cou amovible et se noue dans le dos.Composition: 82% Nylon - 18% Elasthane.";"15.00";0;"http://www.chantefeuille.fr/4254-6739-thickbox/maillot-de-bain-frange-bleu-pastel.jpg"
1;"Maillots de bain";"L058bp-S";"Maillot de bain ""Frange"" bleu pastel";"Bleu Clair";"Maillot de bain bandeau ""Frange"" bleu pastel. Rembourré avec coque amovible. Tout de cou amovible et se noue dans le dos.Composition: 82% Nylon - 18% Elasthane.";"15.00";0;"http://www.chantefeuille.fr/4254-6739-thickbox/maillot-de-bain-frange-bleu-pastel.jpg"
1;"Maillots de bain";"L058bp-M";"Maillot de bain ""Frange"" bleu pastel";"Bleu Clair";"Maillot de bain bandeau ""Frange"" bleu pastel. Rembourré avec coque amovible. Tout de cou amovible et se noue dans le dos.Composition: 82% Nylon - 18% Elasthane.";"15.00";1;"http://www.chantefeuille.fr/4254-6739-thickbox/maillot-de-bain-frange-bleu-pastel.jpg"
1;"Maillots de bain";"L058bp-L";"Maillot de bain ""Frange"" bleu pastel";"Bleu Clair";"Maillot de bain bandeau ""Frange"" bleu pastel. Rembourré avec coque amovible. Tout de cou amovible et se noue dans le dos.Composition: 82% Nylon - 18% Elasthane.";"15.00";1;"http://www.chantefeuille.fr/4254-6739-thickbox/maillot-de-bain-frange-bleu-pastel.jpg"
1;"Maillots de bain";"L058bp-XL";"Maillot de bain ""Frange"" bleu pastel";"Bleu Clair";"Maillot de bain bandeau ""Frange"" bleu pastel. Rembourré avec coque amovible. Tout de cou amovible et se noue dans le dos.Composition: 82% Nylon - 18% Elasthane.";"15.00";0;"http://www.chantefeuille.fr/4254-6739-thickbox/maillot-de-bain-frange-bleu-pastel.jpg"
1;"Maillots de bain";"L058bmb-XL";"Maillot de bain ""Frange"" bleu marine";"bleu";"Maillot de bain bandeau ""Frange"" bleu marine. Rembourré avec coque amovible. Tout de cou amovible et se noue dans le dos.Composition: 82% Nylon - 18% Elasthane.";"15.00";0;"http://www.chantefeuille.fr/4255-6742-thickbox/maillot-de-bain-frange-bleu-marine.jpg"
1;"Maillots de bain";"L058bm-S";"Maillot de bain ""Frange"" bleu marine";"bleu";"Maillot de bain bandeau ""Frange"" bleu marine. Rembourré avec coque amovible. Tout de cou amovible et se noue dans le dos.Composition: 82% Nylon - 18% Elasthane.";"15.00";1;"http://www.chantefeuille.fr/4255-6742-thickbox/maillot-de-bain-frange-bleu-marine.jpg"
1;"Maillots de bain";"L058bm-M";"Maillot de bain ""Frange"" bleu marine";"bleu";"Maillot de bain bandeau ""Frange"" bleu marine. Rembourré avec coque amovible. Tout de cou amovible et se noue dans le dos.Composition: 82% Nylon - 18% Elasthane.";"15.00";1;"http://www.chantefeuille.fr/4255-6742-thickbox/maillot-de-bain-frange-bleu-marine.jpg"
1;"Maillots de bain";"L058bm-L";"Maillot de bain ""Frange"" bleu marine";"bleu";"Maillot de bain bandeau ""Frange"" bleu marine. Rembourré avec coque amovible. Tout de cou amovible et se noue dans le dos.Composition: 82% Nylon - 18% Elasthane.";"15.00";0;"http://www.chantefeuille.fr/4255-6742-thickbox/maillot-de-bain-frange-bleu-marine.jpg"
1;"Maillots de bain";"L058bm-XL";"Maillot de bain ""Frange"" bleu marine";"bleu";"Maillot de bain bandeau ""Frange"" bleu marine. Rembourré avec coque amovible. Tout de cou amovible et se noue dans le dos.Composition: 82% Nylon - 18% Elasthane.";"15.00";0;"http://www.chantefeuille.fr/4255-6742-thickbox/maillot-de-bain-frange-bleu-marine.jpg"
1;"Maillots de bain";"mayab-SM";"Maillot de bain ""Maya"" bleu";"bleu";"Maillot de bain bandeau ""Maya"" noir et bleu. Bandeau avec coque cousu pour un bon maintien. Se noue dans le dos et autour du cou, tour de cou amovible. Culotte assorti, se noue sur les côtés. Composition: 83% Polyester - 17% Elasthane.";"12.00";2;"http://www.chantefeuille.fr/4260-6780-thickbox/maillot-de-bain-maya-bleu.jpg"
1;"Maillots de bain";"mayab-ML";"Maillot de bain ""Maya"" bleu";"bleu";"Maillot de bain bandeau ""Maya"" noir et bleu. Bandeau avec coque cousu pour un bon maintien. Se noue dans le dos et autour du cou, tour de cou amovible. Culotte assorti, se noue sur les côtés. Composition: 83% Polyester - 17% Elasthane.";"12.00";2;"http://www.chantefeuille.fr/4260-6780-thickbox/maillot-de-bain-maya-bleu.jpg"
1;"Maillots de bain";"mayab-LXL";"Maillot de bain ""Maya"" bleu";"bleu";"Maillot de bain bandeau ""Maya"" noir et bleu. Bandeau avec coque cousu pour un bon maintien. Se noue dans le dos et autour du cou, tour de cou amovible. Culotte assorti, se noue sur les côtés. Composition: 83% Polyester - 17% Elasthane.";"12.00";2;"http://www.chantefeuille.fr/4260-6780-thickbox/maillot-de-bain-maya-bleu.jpg"
1;"Maillots de bain";"mayab-XLXXL";"Maillot de bain ""Maya"" bleu";"bleu";"Maillot de bain bandeau ""Maya"" noir et bleu. Bandeau avec coque cousu pour un bon maintien. Se noue dans le dos et autour du cou, tour de cou amovible. Culotte assorti, se noue sur les côtés. Composition: 83% Polyester - 17% Elasthane.";"12.00";2;"http://www.chantefeuille.fr/4260-6780-thickbox/maillot-de-bain-maya-bleu.jpg"
1;"Maillots de bain";"mayaj-ML";"Maillot de bain ""Maya"" jaune";"jaune";"Maillot de bain bandeau ""Maya"" noir et jaune. Bandeau avec coque cousu pour un bon maintien. Se noue dans le dos et autour du cou, tour de cou amovible. Culotte assorti, se noue sur les côtés. Composition: 83% Polyester - 17% Elasthane.";"12.00";2;"http://www.chantefeuille.fr/4261-6782-thickbox/maillot-de-bain-maya-jaune.jpg"
1;"Maillots de bain";"mayaj-LXL";"Maillot de bain ""Maya"" jaune";"jaune";"Maillot de bain bandeau ""Maya"" noir et jaune. Bandeau avec coque cousu pour un bon maintien. Se noue dans le dos et autour du cou, tour de cou amovible. Culotte assorti, se noue sur les côtés. Composition: 83% Polyester - 17% Elasthane.";"12.00";2;"http://www.chantefeuille.fr/4261-6782-thickbox/maillot-de-bain-maya-jaune.jpg"
1;"Maillots de bain";"mayaj-XLXXL";"Maillot de bain ""Maya"" jaune";"jaune";"Maillot de bain bandeau ""Maya"" noir et jaune. Bandeau avec coque cousu pour un bon maintien. Se noue dans le dos et autour du cou, tour de cou amovible. Culotte assorti, se noue sur les côtés. Composition: 83% Polyester - 17% Elasthane.";"12.00";2;"http://www.chantefeuille.fr/4261-6782-thickbox/maillot-de-bain-maya-jaune.jpg"
1;"Maillots de bain";"mayaj-SM";"Maillot de bain ""Maya"" jaune";"jaune";"Maillot de bain bandeau ""Maya"" noir et jaune. Bandeau avec coque cousu pour un bon maintien. Se noue dans le dos et autour du cou, tour de cou amovible. Culotte assorti, se noue sur les côtés. Composition: 83% Polyester - 17% Elasthane.";"12.00";2;"http://www.chantefeuille.fr/4261-6782-thickbox/maillot-de-bain-maya-jaune.jpg"
1;"Maillots de bain";"mayar-SM";"Maillot de bain ""Maya"" rouge";"rouge";"Maillot de bain bandeau ""Maya"" noir et rouge. Bandeau avec coque cousu pour un bon maintien. Se noue dans le dos et autour du cou, tour de cou amovible. Culotte assorti, se noue sur les côtés. Composition: 83% Polyester - 17% Elasthane.";"12.00";2;"http://www.chantefeuille.fr/4262-6784-thickbox/maillot-de-bain-maya-rouge.jpg"
1;"Maillots de bain";"mayar-ML";"Maillot de bain ""Maya"" rouge";"rouge";"Maillot de bain bandeau ""Maya"" noir et rouge. Bandeau avec coque cousu pour un bon maintien. Se noue dans le dos et autour du cou, tour de cou amovible. Culotte assorti, se noue sur les côtés. Composition: 83% Polyester - 17% Elasthane.";"12.00";2;"http://www.chantefeuille.fr/4262-6784-thickbox/maillot-de-bain-maya-rouge.jpg"
1;"Maillots de bain";"mayar-LXL";"Maillot de bain ""Maya"" rouge";"rouge";"Maillot de bain bandeau ""Maya"" noir et rouge. Bandeau avec coque cousu pour un bon maintien. Se noue dans le dos et autour du cou, tour de cou amovible. Culotte assorti, se noue sur les côtés. Composition: 83% Polyester - 17% Elasthane.";"12.00";1;"http://www.chantefeuille.fr/4262-6784-thickbox/maillot-de-bain-maya-rouge.jpg"
1;"Maillots de bain";"mayar-XLXXL";"Maillot de bain ""Maya"" rouge";"rouge";"Maillot de bain bandeau ""Maya"" noir et rouge. Bandeau avec coque cousu pour un bon maintien. Se noue dans le dos et autour du cou, tour de cou amovible. Culotte assorti, se noue sur les côtés. Composition: 83% Polyester - 17% Elasthane.";"12.00";2;"http://www.chantefeuille.fr/4262-6784-thickbox/maillot-de-bain-maya-rouge.jpg"
1;"Maillots de bain";"mayav-SM";"Maillot de bain ""Maya"" vert";"vert";"Maillot de bain bandeau ""Maya"" noir et vert. Bandeau avec coque cousu pour un bon maintien. Se noue dans le dos et autour du cou, tour de cou amovible. Culotte assorti, se noue sur les côtés. Composition: 83% Polyester - 17% Elasthane.";"12.00";2;"http://www.chantefeuille.fr/4263-6786-thickbox/maillot-de-bain-maya-vert.jpg"
1;"Maillots de bain";"mayav-ML";"Maillot de bain ""Maya"" vert";"vert";"Maillot de bain bandeau ""Maya"" noir et vert. Bandeau avec coque cousu pour un bon maintien. Se noue dans le dos et autour du cou, tour de cou amovible. Culotte assorti, se noue sur les côtés. Composition: 83% Polyester - 17% Elasthane.";"12.00";2;"http://www.chantefeuille.fr/4263-6786-thickbox/maillot-de-bain-maya-vert.jpg"
1;"Maillots de bain";"mayav-LXL";"Maillot de bain ""Maya"" vert";"vert";"Maillot de bain bandeau ""Maya"" noir et vert. Bandeau avec coque cousu pour un bon maintien. Se noue dans le dos et autour du cou, tour de cou amovible. Culotte assorti, se noue sur les côtés. Composition: 83% Polyester - 17% Elasthane.";"12.00";2;"http://www.chantefeuille.fr/4263-6786-thickbox/maillot-de-bain-maya-vert.jpg"
1;"Maillots de bain";"mayav-XLXXL";"Maillot de bain ""Maya"" vert";"vert";"Maillot de bain bandeau ""Maya"" noir et vert. Bandeau avec coque cousu pour un bon maintien. Se noue dans le dos et autour du cou, tour de cou amovible. Culotte assorti, se noue sur les côtés. Composition: 83% Polyester - 17% Elasthane.";"12.00";2;"http://www.chantefeuille.fr/4263-6786-thickbox/maillot-de-bain-maya-vert.jpg"
1;"Maillots de bain";"bandeauv-SM";"Maillot de bain ""Bandeau"" vert";"vert";"Maillot de bain bandeau vert. Bandeau avec coque cousu pour un bon maintien. Se noue dans le dos et autour du cou, tour de cou amovible. Culotte assorti, se noue sur les côtés. Composition: 83% Polyester - 17% Elasthane.";"12.00";5;"http://www.chantefeuille.fr/4268-6796-thickbox/maillot-de-bain-bandeau-vert.jpg"
1;"Maillots de bain";"bandeauv-ML";"Maillot de bain ""Bandeau"" vert";"vert";"Maillot de bain bandeau vert. Bandeau avec coque cousu pour un bon maintien. Se noue dans le dos et autour du cou, tour de cou amovible. Culotte assorti, se noue sur les côtés. Composition: 83% Polyester - 17% Elasthane.";"12.00";5;"http://www.chantefeuille.fr/4268-6796-thickbox/maillot-de-bain-bandeau-vert.jpg"
1;"Maillots de bain";"bandeauv-LXL";"Maillot de bain ""Bandeau"" vert";"vert";"Maillot de bain bandeau vert. Bandeau avec coque cousu pour un bon maintien. Se noue dans le dos et autour du cou, tour de cou amovible. Culotte assorti, se noue sur les côtés. Composition: 83% Polyester - 17% Elasthane.";"12.00";5;"http://www.chantefeuille.fr/4268-6796-thickbox/maillot-de-bain-bandeau-vert.jpg"
1;"Maillots de bain";"bandeauv-XLXXL";"Maillot de bain ""Bandeau"" vert";"vert";"Maillot de bain bandeau vert. Bandeau avec coque cousu pour un bon maintien. Se noue dans le dos et autour du cou, tour de cou amovible. Culotte assorti, se noue sur les côtés. Composition: 83% Polyester - 17% Elasthane.";"12.00";5;"http://www.chantefeuille.fr/4268-6796-thickbox/maillot-de-bain-bandeau-vert.jpg"
1;"Maillots de bain";"bandeauj-SM";"Maillot de bain ""Bandeau"" jaune";"jaune";"Maillot de bain bandeau jaune. Bandeau avec coque cousu pour un bon maintien. Se noue dans le dos et autour du cou, tour de cou amovible. Culotte assorti, se noue sur les côtés. Composition: 83% Polyester - 17% Elasthane.";"12.00";5;"http://www.chantefeuille.fr/4269-6798-thickbox/maillot-de-bain-bandeau-jaune.jpg"
1;"Maillots de bain";"bandeauj-ML";"Maillot de bain ""Bandeau"" jaune";"jaune";"Maillot de bain bandeau jaune. Bandeau avec coque cousu pour un bon maintien. Se noue dans le dos et autour du cou, tour de cou amovible. Culotte assorti, se noue sur les côtés. Composition: 83% Polyester - 17% Elasthane.";"12.00";5;"http://www.chantefeuille.fr/4269-6798-thickbox/maillot-de-bain-bandeau-jaune.jpg"
1;"Maillots de bain";"bandeauj-LXL";"Maillot de bain ""Bandeau"" jaune";"jaune";"Maillot de bain bandeau jaune. Bandeau avec coque cousu pour un bon maintien. Se noue dans le dos et autour du cou, tour de cou amovible. Culotte assorti, se noue sur les côtés. Composition: 83% Polyester - 17% Elasthane.";"12.00";5;"http://www.chantefeuille.fr/4269-6798-thickbox/maillot-de-bain-bandeau-jaune.jpg"
1;"Maillots de bain";"bandeauj-XLXXL";"Maillot de bain ""Bandeau"" jaune";"jaune";"Maillot de bain bandeau jaune. Bandeau avec coque cousu pour un bon maintien. Se noue dans le dos et autour du cou, tour de cou amovible. Culotte assorti, se noue sur les côtés. Composition: 83% Polyester - 17% Elasthane.";"12.00";3;"http://www.chantefeuille.fr/4269-6798-thickbox/maillot-de-bain-bandeau-jaune.jpg"
1;"Maillots de bain";"bandeaun-SM";"Maillot de bain ""Bandeau"" noire";"noir";"Maillot de bain bandeau noir. Bandeau avec coque cousu pour un bon maintien. Se noue dans le dos et autour du cou, tour de cou amovible. Culotte assorti, se noue sur les côtés. Composition: 83% Polyester - 17% Elasthane.";"12.00";5;"http://www.chantefeuille.fr/4270-6800-thickbox/maillot-de-bain-bandeau-noire.jpg"
1;"Maillots de bain";"bandeaun-ML";"Maillot de bain ""Bandeau"" noire";"noir";"Maillot de bain bandeau noir. Bandeau avec coque cousu pour un bon maintien. Se noue dans le dos et autour du cou, tour de cou amovible. Culotte assorti, se noue sur les côtés. Composition: 83% Polyester - 17% Elasthane.";"12.00";4;"http://www.chantefeuille.fr/4270-6800-thickbox/maillot-de-bain-bandeau-noire.jpg"
1;"Maillots de bain";"bandeaun-LXL";"Maillot de bain ""Bandeau"" noire";"noir";"Maillot de bain bandeau noir. Bandeau avec coque cousu pour un bon maintien. Se noue dans le dos et autour du cou, tour de cou amovible. Culotte assorti, se noue sur les côtés. Composition: 83% Polyester - 17% Elasthane.";"12.00";5;"http://www.chantefeuille.fr/4270-6800-thickbox/maillot-de-bain-bandeau-noire.jpg"
1;"Maillots de bain";"bandeaun-XLXXL";"Maillot de bain ""Bandeau"" noire";"noir";"Maillot de bain bandeau noir. Bandeau avec coque cousu pour un bon maintien. Se noue dans le dos et autour du cou, tour de cou amovible. Culotte assorti, se noue sur les côtés. Composition: 83% Polyester - 17% Elasthane.";"12.00";5;"http://www.chantefeuille.fr/4270-6800-thickbox/maillot-de-bain-bandeau-noire.jpg"
1;"Maillots de bain";"bandeaub-SM";"Maillot de bain ""Bandeau"" bleu";"bleu";"Maillot de bain bandeau bleu. Bandeau avec coque cousu pour un bon maintien. Se noue dans le dos et autour du cou, tour de cou amovible. Culotte assorti, se noue sur les côtés. Composition: 83% Polyester - 17% Elasthane.";"12.00";5;"http://www.chantefeuille.fr/4271-6802-thickbox/maillot-de-bain-bandeau-bleu.jpg"
1;"Maillots de bain";"bandeaub-ML";"Maillot de bain ""Bandeau"" bleu";"bleu";"Maillot de bain bandeau bleu. Bandeau avec coque cousu pour un bon maintien. Se noue dans le dos et autour du cou, tour de cou amovible. Culotte assorti, se noue sur les côtés. Composition: 83% Polyester - 17% Elasthane.";"12.00";5;"http://www.chantefeuille.fr/4271-6802-thickbox/maillot-de-bain-bandeau-bleu.jpg"
1;"Maillots de bain";"bandeaub-LXL";"Maillot de bain ""Bandeau"" bleu";"bleu";"Maillot de bain bandeau bleu. Bandeau avec coque cousu pour un bon maintien. Se noue dans le dos et autour du cou, tour de cou amovible. Culotte assorti, se noue sur les côtés. Composition: 83% Polyester - 17% Elasthane.";"12.00";5;"http://www.chantefeuille.fr/4271-6802-thickbox/maillot-de-bain-bandeau-bleu.jpg"
1;"Maillots de bain";"bandeaub-XLXXL";"Maillot de bain ""Bandeau"" bleu";"bleu";"Maillot de bain bandeau bleu. Bandeau avec coque cousu pour un bon maintien. Se noue dans le dos et autour du cou, tour de cou amovible. Culotte assorti, se noue sur les côtés. Composition: 83% Polyester - 17% Elasthane.";"12.00";5;"http://www.chantefeuille.fr/4271-6802-thickbox/maillot-de-bain-bandeau-bleu.jpg"
1;"Maillots de bain";"bandeaur-SM";"Maillot de bain ""Bandeau"" rouge corail";"corail";"Maillot de bain bandeau rouge corail. Bandeau avec coque cousu pour un bon maintien. Se noue dans le dos et autour du cou, tour de cou amovible. Culotte assorti, se noue sur les côtés. Composition: 83% Polyester - 17% Elasthane.";"12.00";5;"http://www.chantefeuille.fr/4272-6804-thickbox/maillot-de-bain-bandeau-rouge-corail.jpg"
1;"Maillots de bain";"bandeaur-ML";"Maillot de bain ""Bandeau"" rouge corail";"corail";"Maillot de bain bandeau rouge corail. Bandeau avec coque cousu pour un bon maintien. Se noue dans le dos et autour du cou, tour de cou amovible. Culotte assorti, se noue sur les côtés. Composition: 83% Polyester - 17% Elasthane.";"12.00";5;"http://www.chantefeuille.fr/4272-6804-thickbox/maillot-de-bain-bandeau-rouge-corail.jpg"
1;"Maillots de bain";"bandeaur-LXL";"Maillot de bain ""Bandeau"" rouge corail";"corail";"Maillot de bain bandeau rouge corail. Bandeau avec coque cousu pour un bon maintien. Se noue dans le dos et autour du cou, tour de cou amovible. Culotte assorti, se noue sur les côtés. Composition: 83% Polyester - 17% Elasthane.";"12.00";5;"http://www.chantefeuille.fr/4272-6804-thickbox/maillot-de-bain-bandeau-rouge-corail.jpg"
1;"Maillots de bain";"bandeaur-XLXXL";"Maillot de bain ""Bandeau"" rouge corail";"corail";"Maillot de bain bandeau rouge corail. Bandeau avec coque cousu pour un bon maintien. Se noue dans le dos et autour du cou, tour de cou amovible. Culotte assorti, se noue sur les côtés. Composition: 83% Polyester - 17% Elasthane.";"12.00";5;"http://www.chantefeuille.fr/4272-6804-thickbox/maillot-de-bain-bandeau-rouge-corail.jpg"
1;"Maillots de bain";"bandeauf-SM";"Maillot de bain ""Bandeau"" fushia";"fushia";"Maillot de bain bandeau fushia. Bandeau avec coque cousu pour un bon maintien. Se noue dans le dos et autour du cou, tour de cou amovible. Culotte assorti, se noue sur les côtés. Composition: 83% Polyester - 17% Elasthane.";"12.00";5;"http://www.chantefeuille.fr/4273-6806-thickbox/maillot-de-bain-bandeau-fushia.jpg"
1;"Maillots de bain";"bandeauf-ML";"Maillot de bain ""Bandeau"" fushia";"fushia";"Maillot de bain bandeau fushia. Bandeau avec coque cousu pour un bon maintien. Se noue dans le dos et autour du cou, tour de cou amovible. Culotte assorti, se noue sur les côtés. Composition: 83% Polyester - 17% Elasthane.";"12.00";5;"http://www.chantefeuille.fr/4273-6806-thickbox/maillot-de-bain-bandeau-fushia.jpg"
1;"Maillots de bain";"bandeauf-LXL";"Maillot de bain ""Bandeau"" fushia";"fushia";"Maillot de bain bandeau fushia. Bandeau avec coque cousu pour un bon maintien. Se noue dans le dos et autour du cou, tour de cou amovible. Culotte assorti, se noue sur les côtés. Composition: 83% Polyester - 17% Elasthane.";"12.00";5;"http://www.chantefeuille.fr/4273-6806-thickbox/maillot-de-bain-bandeau-fushia.jpg"
1;"Maillots de bain";"bandeauf-XLXXL";"Maillot de bain ""Bandeau"" fushia";"fushia";"Maillot de bain bandeau fushia. Bandeau avec coque cousu pour un bon maintien. Se noue dans le dos et autour du cou, tour de cou amovible. Culotte assorti, se noue sur les côtés. Composition: 83% Polyester - 17% Elasthane.";"12.00";5;"http://www.chantefeuille.fr/4273-6806-thickbox/maillot-de-bain-bandeau-fushia.jpg"
1;"Maillots de bain";"fleurr-LXL";"Maillot de bain 3 pièces ""Fleur"" noir et rouge";"Noir-Rouge";"Maillot de bain 3 pièces ""Fleur"" noir et rouge. Haut de maillot balconnet avec coque cousu, armature pour un bon maintien. Bas de maillot culotte et paréo assorti. Composition: 90% Polyester - 10% Elasthane.";"12.00";1;"http://www.chantefeuille.fr/4274-6807-thickbox/maillot-de-bain-3-pieces-fleur-noir-et-rouge.jpg"
1;"Maillots de bain";"fleurr-XLXXL";"Maillot de bain 3 pièces ""Fleur"" noir et rouge";"Noir-Rouge";"Maillot de bain 3 pièces ""Fleur"" noir et rouge. Haut de maillot balconnet avec coque cousu, armature pour un bon maintien. Bas de maillot culotte et paréo assorti. Composition: 90% Polyester - 10% Elasthane.";"12.00";2;"http://www.chantefeuille.fr/4274-6807-thickbox/maillot-de-bain-3-pieces-fleur-noir-et-rouge.jpg"
1;"Maillots de bain";"fleurr-ML";"Maillot de bain 3 pièces ""Fleur"" noir et rouge";"Noir-Rouge";"Maillot de bain 3 pièces ""Fleur"" noir et rouge. Haut de maillot balconnet avec coque cousu, armature pour un bon maintien. Bas de maillot culotte et paréo assorti. Composition: 90% Polyester - 10% Elasthane.";"12.00";1;"http://www.chantefeuille.fr/4274-6807-thickbox/maillot-de-bain-3-pieces-fleur-noir-et-rouge.jpg"
1;"Maillots de bain";"fleurn-LXL";"Maillot de bain 3 pièces ""Fleur"" noir et gris";"noir";"Maillot de bain 3 pièces ""Fleur"" noir et gris. Haut de maillot balconnet avec coque cousu, armature pour un bon maintien. Bas de maillot culotte et paréo assorti. Composition: 90% Polyester - 10% Elasthane.";"12.00";2;"http://www.chantefeuille.fr/4275-6810-thickbox/maillot-de-bain-3-pieces-fleur-noir-et-gris.jpg"
1;"Maillots de bain";"fleurn-XLXXL";"Maillot de bain 3 pièces ""Fleur"" noir et gris";"noir";"Maillot de bain 3 pièces ""Fleur"" noir et gris. Haut de maillot balconnet avec coque cousu, armature pour un bon maintien. Bas de maillot culotte et paréo assorti. Composition: 90% Polyester - 10% Elasthane.";"12.00";2;"http://www.chantefeuille.fr/4275-6810-thickbox/maillot-de-bain-3-pieces-fleur-noir-et-gris.jpg"
1;"Maillots de bain";"fleurn-ML";"Maillot de bain 3 pièces ""Fleur"" noir et gris";"noir";"Maillot de bain 3 pièces ""Fleur"" noir et gris. Haut de maillot balconnet avec coque cousu, armature pour un bon maintien. Bas de maillot culotte et paréo assorti. Composition: 90% Polyester - 10% Elasthane.";"12.00";2;"http://www.chantefeuille.fr/4275-6810-thickbox/maillot-de-bain-3-pieces-fleur-noir-et-gris.jpg"
1;"Maillots de bain";"fleurbc-LXL";"Maillot de bain 3 pièces ""Fleur"" bleu";"bleu";"Maillot de bain 3 pièces ""Fleur"" bleu. Haut de maillot balconnet avec coque cousu, armature pour un bon maintien. Bas de maillot culotte et paréo assorti. Composition: 90% Polyester - 10% Elasthane.";"12.00";2;"http://www.chantefeuille.fr/4276-6813-thickbox/maillot-de-bain-3-pieces-fleur-bleu.jpg"
1;"Maillots de bain";"fleurbc-XLXXL";"Maillot de bain 3 pièces ""Fleur"" bleu";"bleu";"Maillot de bain 3 pièces ""Fleur"" bleu. Haut de maillot balconnet avec coque cousu, armature pour un bon maintien. Bas de maillot culotte et paréo assorti. Composition: 90% Polyester - 10% Elasthane.";"12.00";2;"http://www.chantefeuille.fr/4276-6813-thickbox/maillot-de-bain-3-pieces-fleur-bleu.jpg"
1;"Maillots de bain";"fleurbc-ML";"Maillot de bain 3 pièces ""Fleur"" bleu";"bleu";"Maillot de bain 3 pièces ""Fleur"" bleu. Haut de maillot balconnet avec coque cousu, armature pour un bon maintien. Bas de maillot culotte et paréo assorti. Composition: 90% Polyester - 10% Elasthane.";"12.00";2;"http://www.chantefeuille.fr/4276-6813-thickbox/maillot-de-bain-3-pieces-fleur-bleu.jpg"
1;"Maillots de bain";"fleurb-LXL";"Maillot de bain 3 pièces ""Fleur"" noir et bleu";"bleu";"Maillot de bain 3 pièces ""Fleur"" noir et bleu. Haut de maillot balconnet avec coque cousu, armature pour un bon maintien. Bas de maillot culotte et paréo assorti. Composition: 90% Polyester - 10% Elasthane.";"12.00";2;"http://www.chantefeuille.fr/4277-6816-thickbox/maillot-de-bain-3-pieces-fleur-noir-et-bleu.jpg"
1;"Maillots de bain";"fleurb-XLXXL";"Maillot de bain 3 pièces ""Fleur"" noir et bleu";"bleu";"Maillot de bain 3 pièces ""Fleur"" noir et bleu. Haut de maillot balconnet avec coque cousu, armature pour un bon maintien. Bas de maillot culotte et paréo assorti. Composition: 90% Polyester - 10% Elasthane.";"12.00";2;"http://www.chantefeuille.fr/4277-6816-thickbox/maillot-de-bain-3-pieces-fleur-noir-et-bleu.jpg"
1;"Maillots de bain";"fleurb-ML";"Maillot de bain 3 pièces ""Fleur"" noir et bleu";"bleu";"Maillot de bain 3 pièces ""Fleur"" noir et bleu. Haut de maillot balconnet avec coque cousu, armature pour un bon maintien. Bas de maillot culotte et paréo assorti. Composition: 90% Polyester - 10% Elasthane.";"12.00";2;"http://www.chantefeuille.fr/4277-6816-thickbox/maillot-de-bain-3-pieces-fleur-noir-et-bleu.jpg"
1;"Maillots de bain";"fleurj-LXL";"Maillot de bain 3 pièces ""Fleur"" parme et jaune";"parme";"Maillot de bain 3 pièces ""Fleur"" parme et jaune. Haut de maillot balconnet avec coque cousu, armature pour un bon maintien. Bas de maillot culotte et paréo assorti. Composition: 90% Polyester - 10% Elasthane.";"12.00";2;"http://www.chantefeuille.fr/4278-6819-thickbox/maillot-de-bain-3-pieces-fleur-parme-et-jaune.jpg"
1;"Maillots de bain";"fleurj-XLXXL";"Maillot de bain 3 pièces ""Fleur"" parme et jaune";"parme";"Maillot de bain 3 pièces ""Fleur"" parme et jaune. Haut de maillot balconnet avec coque cousu, armature pour un bon maintien. Bas de maillot culotte et paréo assorti. Composition: 90% Polyester - 10% Elasthane.";"12.00";2;"http://www.chantefeuille.fr/4278-6819-thickbox/maillot-de-bain-3-pieces-fleur-parme-et-jaune.jpg"
1;"Maillots de bain";"fleurj-ML";"Maillot de bain 3 pièces ""Fleur"" parme et jaune";"parme";"Maillot de bain 3 pièces ""Fleur"" parme et jaune. Haut de maillot balconnet avec coque cousu, armature pour un bon maintien. Bas de maillot culotte et paréo assorti. Composition: 90% Polyester - 10% Elasthane.";"12.00";2;"http://www.chantefeuille.fr/4278-6819-thickbox/maillot-de-bain-3-pieces-fleur-parme-et-jaune.jpg"
1;"Maillots de bain";"balconnetb-LXL";"Maillot de bain 3 pièces ""Balconnet"" blanc";"blanc";"Maillot de bain 3 pièces balconnet blanc. Haut de maillot balconnet avec coque cousu, armature pour un bon maintien. Bas de maillot culotte et paréo assorti. Composition: 90% Polyester - 10% Elasthane.";"12.00";2;"http://www.chantefeuille.fr/4279-6822-thickbox/maillot-de-bain-3-pieces-balconnet-blanc.jpg"
1;"Maillots de bain";"balconnetb-XLXXL";"Maillot de bain 3 pièces ""Balconnet"" blanc";"blanc";"Maillot de bain 3 pièces balconnet blanc. Haut de maillot balconnet avec coque cousu, armature pour un bon maintien. Bas de maillot culotte et paréo assorti. Composition: 90% Polyester - 10% Elasthane.";"12.00";2;"http://www.chantefeuille.fr/4279-6822-thickbox/maillot-de-bain-3-pieces-balconnet-blanc.jpg"
1;"Maillots de bain";"balconnetb-ML";"Maillot de bain 3 pièces ""Balconnet"" blanc";"blanc";"Maillot de bain 3 pièces balconnet blanc. Haut de maillot balconnet avec coque cousu, armature pour un bon maintien. Bas de maillot culotte et paréo assorti. Composition: 90% Polyester - 10% Elasthane.";"12.00";2;"http://www.chantefeuille.fr/4279-6822-thickbox/maillot-de-bain-3-pieces-balconnet-blanc.jpg"
1;"Maillots de bain";"balconnetv-LXL";"Maillot de bain 3 pièces ""Balconnet"" vert";"vert";"Maillot de bain 3 pièces balconnet vert. Haut de maillot balconnet avec coque cousu, armature pour un bon maintien. Bas de maillot culotte et paréo assorti. Composition: 90% Polyester - 10% Elasthane.";"12.00";2;"http://www.chantefeuille.fr/4280-6825-thickbox/maillot-de-bain-3-pieces-balconnet-vert.jpg"
1;"Maillots de bain";"balconnetv-XLXXL";"Maillot de bain 3 pièces ""Balconnet"" vert";"vert";"Maillot de bain 3 pièces balconnet vert. Haut de maillot balconnet avec coque cousu, armature pour un bon maintien. Bas de maillot culotte et paréo assorti. Composition: 90% Polyester - 10% Elasthane.";"12.00";2;"http://www.chantefeuille.fr/4280-6825-thickbox/maillot-de-bain-3-pieces-balconnet-vert.jpg"
1;"Maillots de bain";"balconnetv-ML";"Maillot de bain 3 pièces ""Balconnet"" vert";"vert";"Maillot de bain 3 pièces balconnet vert. Haut de maillot balconnet avec coque cousu, armature pour un bon maintien. Bas de maillot culotte et paréo assorti. Composition: 90% Polyester - 10% Elasthane.";"12.00";2;"http://www.chantefeuille.fr/4280-6825-thickbox/maillot-de-bain-3-pieces-balconnet-vert.jpg"
1;"Maillots de bain";"balconnetbl-LXL";"Maillot de bain 3 pièces ""Balconnet"" bleu";"bleu";"Maillot de bain 3 pièces balconnet bleu. Haut de maillot balconnet avec coque cousu, armature pour un bon maintien. Bas de maillot culotte et paréo assorti. Composition: 90% Polyester - 10% Elasthane.";"12.00";2;"http://www.chantefeuille.fr/4281-6828-thickbox/maillot-de-bain-3-pieces-balconnet-bleu.jpg"
1;"Maillots de bain";"balconnetbl-XLXXL";"Maillot de bain 3 pièces ""Balconnet"" bleu";"bleu";"Maillot de bain 3 pièces balconnet bleu. Haut de maillot balconnet avec coque cousu, armature pour un bon maintien. Bas de maillot culotte et paréo assorti. Composition: 90% Polyester - 10% Elasthane.";"12.00";2;"http://www.chantefeuille.fr/4281-6828-thickbox/maillot-de-bain-3-pieces-balconnet-bleu.jpg"
1;"Maillots de bain";"balconnetbl-ML";"Maillot de bain 3 pièces ""Balconnet"" bleu";"bleu";"Maillot de bain 3 pièces balconnet bleu. Haut de maillot balconnet avec coque cousu, armature pour un bon maintien. Bas de maillot culotte et paréo assorti. Composition: 90% Polyester - 10% Elasthane.";"12.00";1;"http://www.chantefeuille.fr/4281-6828-thickbox/maillot-de-bain-3-pieces-balconnet-bleu.jpg"
1;"Maillots de bain";"balconnetp-LXL";"Maillot de bain 3 pièces ""Balconnet"" parme";"parme";"Maillot de bain 3 pièces balconnet parme. Haut de maillot balconnet avec coque cousu, armature pour un bon maintien. Bas de maillot culotte et paréo assorti. Composition: 90% Polyester - 10% Elasthane.";"12.00";2;"http://www.chantefeuille.fr/4282-6831-thickbox/maillot-de-bain-3-pieces-balconnet-parme.jpg"
1;"Maillots de bain";"balconnetp-XLXXL";"Maillot de bain 3 pièces ""Balconnet"" parme";"parme";"Maillot de bain 3 pièces balconnet parme. Haut de maillot balconnet avec coque cousu, armature pour un bon maintien. Bas de maillot culotte et paréo assorti. Composition: 90% Polyester - 10% Elasthane.";"12.00";2;"http://www.chantefeuille.fr/4282-6831-thickbox/maillot-de-bain-3-pieces-balconnet-parme.jpg"
1;"Maillots de bain";"balconnetp-ML";"Maillot de bain 3 pièces ""Balconnet"" parme";"parme";"Maillot de bain 3 pièces balconnet parme. Haut de maillot balconnet avec coque cousu, armature pour un bon maintien. Bas de maillot culotte et paréo assorti. Composition: 90% Polyester - 10% Elasthane.";"12.00";2;"http://www.chantefeuille.fr/4282-6831-thickbox/maillot-de-bain-3-pieces-balconnet-parme.jpg"
1;"Maillots de bain";"balconnetf-LXL";"Maillot de bain 3 pièces ""Balconnet"" fushia";"fushia";"Maillot de bain 3 pièces balconnet fushia. Haut de maillot balconnet avec coque cousu, armature pour un bon maintien. Bas de maillot culotte et paréo assorti. Composition: 90% Polyester - 10% Elasthane.";"12.00";2;"http://www.chantefeuille.fr/4283-6834-thickbox/maillot-de-bain-3-pieces-balconnet-fushia.jpg"
1;"Maillots de bain";"balconnetf-XLXXL";"Maillot de bain 3 pièces ""Balconnet"" fushia";"fushia";"Maillot de bain 3 pièces balconnet fushia. Haut de maillot balconnet avec coque cousu, armature pour un bon maintien. Bas de maillot culotte et paréo assorti. Composition: 90% Polyester - 10% Elasthane.";"12.00";2;"http://www.chantefeuille.fr/4283-6834-thickbox/maillot-de-bain-3-pieces-balconnet-fushia.jpg"
1;"Maillots de bain";"balconnetf-ML";"Maillot de bain 3 pièces ""Balconnet"" fushia";"fushia";"Maillot de bain 3 pièces balconnet fushia. Haut de maillot balconnet avec coque cousu, armature pour un bon maintien. Bas de maillot culotte et paréo assorti. Composition: 90% Polyester - 10% Elasthane.";"12.00";2;"http://www.chantefeuille.fr/4283-6834-thickbox/maillot-de-bain-3-pieces-balconnet-fushia.jpg"
1;"Maillots de bain";"balconnetn-LXL";"Maillot de bain 3 pièces ""Balconnet"" noire";"noir";"Maillot de bain 3 pièces balconnet noire. Haut de maillot balconnet avec coque cousu, armature pour un bon maintien. Bas de maillot culotte et paréo assorti. Composition: 90% Polyester - 10% Elasthane.";"12.00";2;"http://www.chantefeuille.fr/4284-6837-thickbox/maillot-de-bain-3-pieces-balconnet-noire.jpg"
1;"Maillots de bain";"balconnetn-XLXXL";"Maillot de bain 3 pièces ""Balconnet"" noire";"noir";"Maillot de bain 3 pièces balconnet noire. Haut de maillot balconnet avec coque cousu, armature pour un bon maintien. Bas de maillot culotte et paréo assorti. Composition: 90% Polyester - 10% Elasthane.";"12.00";2;"http://www.chantefeuille.fr/4284-6837-thickbox/maillot-de-bain-3-pieces-balconnet-noire.jpg"
1;"Maillots de bain";"balconnetn-ML";"Maillot de bain 3 pièces ""Balconnet"" noire";"noir";"Maillot de bain 3 pièces balconnet noire. Haut de maillot balconnet avec coque cousu, armature pour un bon maintien. Bas de maillot culotte et paréo assorti. Composition: 90% Polyester - 10% Elasthane.";"12.00";2;"http://www.chantefeuille.fr/4284-6837-thickbox/maillot-de-bain-3-pieces-balconnet-noire.jpg"
1;"Maillots de bain";"americain-SM";"Maillot de bain triangle ""Américain""";"rouge";"Maillot de bain triangle ""Américain"" Haut de maillot triangle avec mousse amovible. Se noue dans le dos et autour du cou. Culotte assorti, se noue sur les côtés.Composition: 83% Polyester - 17% Elasthane.";"12.00";0;"http://www.chantefeuille.fr/4288-6847-thickbox/maillot-de-bain-triangle-americain.jpg"
1;"Maillots de bain";"americain-ML";"Maillot de bain triangle ""Américain""";"rouge";"Maillot de bain triangle ""Américain"" Haut de maillot triangle avec mousse amovible. Se noue dans le dos et autour du cou. Culotte assorti, se noue sur les côtés.Composition: 83% Polyester - 17% Elasthane.";"12.00";10;"http://www.chantefeuille.fr/4288-6847-thickbox/maillot-de-bain-triangle-americain.jpg"
1;"Maillots de bain";"americain-LXL";"Maillot de bain triangle ""Américain""";"rouge";"Maillot de bain triangle ""Américain"" Haut de maillot triangle avec mousse amovible. Se noue dans le dos et autour du cou. Culotte assorti, se noue sur les côtés.Composition: 83% Polyester - 17% Elasthane.";"12.00";9;"http://www.chantefeuille.fr/4288-6847-thickbox/maillot-de-bain-triangle-americain.jpg"
1;"Maillots de bain";"americain-XLXXL";"Maillot de bain triangle ""Américain""";"rouge";"Maillot de bain triangle ""Américain"" Haut de maillot triangle avec mousse amovible. Se noue dans le dos et autour du cou. Culotte assorti, se noue sur les côtés.Composition: 83% Polyester - 17% Elasthane.";"12.00";10;"http://www.chantefeuille.fr/4288-6847-thickbox/maillot-de-bain-triangle-americain.jpg"
1;"Maillots de bain";"leo-x005j-42";"Maillot de bain ""Frange"" jaune fluo";"jaune";"Maillot de bain bandeau ""Frange"" jaune fluo. Bandeau avec 2 rangées de frange, mousse amovible. Se noue dans le dos et tour de cou réglable et amovible. Culotte assorti, se noue sur les côtés. Composition: 85% Polyamide - 15% Elasthane.";"12.00";1;"http://www.chantefeuille.fr/4289-6849-thickbox/maillot-de-bain-frange-jaune-fluo.jpg"
1;"Maillots de bain";"leo-x005j-44";"Maillot de bain ""Frange"" jaune fluo";"jaune";"Maillot de bain bandeau ""Frange"" jaune fluo. Bandeau avec 2 rangées de frange, mousse amovible. Se noue dans le dos et tour de cou réglable et amovible. Culotte assorti, se noue sur les côtés. Composition: 85% Polyamide - 15% Elasthane.";"12.00";3;"http://www.chantefeuille.fr/4289-6849-thickbox/maillot-de-bain-frange-jaune-fluo.jpg"
1;"Maillots de bain";"leo-x005j-46";"Maillot de bain ""Frange"" jaune fluo";"jaune";"Maillot de bain bandeau ""Frange"" jaune fluo. Bandeau avec 2 rangées de frange, mousse amovible. Se noue dans le dos et tour de cou réglable et amovible. Culotte assorti, se noue sur les côtés. Composition: 85% Polyamide - 15% Elasthane.";"12.00";3;"http://www.chantefeuille.fr/4289-6849-thickbox/maillot-de-bain-frange-jaune-fluo.jpg"
1;"Maillots de bain";"leo-x005j-48";"Maillot de bain ""Frange"" jaune fluo";"jaune";"Maillot de bain bandeau ""Frange"" jaune fluo. Bandeau avec 2 rangées de frange, mousse amovible. Se noue dans le dos et tour de cou réglable et amovible. Culotte assorti, se noue sur les côtés. Composition: 85% Polyamide - 15% Elasthane.";"12.00";4;"http://www.chantefeuille.fr/4289-6849-thickbox/maillot-de-bain-frange-jaune-fluo.jpg"
1;"Maillots de bain";"leo-x005c-42";"Maillot de bain ""Frange"" corail";"corail";"Maillot de bain bandeau ""Frange"" corail. Bandeau avec 2 rangées de frange, mousse amovible. Se noue dans le dos et tour de cou réglable et amovible. Culotte assorti, se noue sur les côtés. Composition: 85% Polyamide - 15% Elasthane.";"12.00";4;"http://www.chantefeuille.fr/4290-6851-thickbox/maillot-de-bain-frange-corail.jpg"
1;"Maillots de bain";"leo-x005c-44";"Maillot de bain ""Frange"" corail";"corail";"Maillot de bain bandeau ""Frange"" corail. Bandeau avec 2 rangées de frange, mousse amovible. Se noue dans le dos et tour de cou réglable et amovible. Culotte assorti, se noue sur les côtés. Composition: 85% Polyamide - 15% Elasthane.";"12.00";4;"http://www.chantefeuille.fr/4290-6851-thickbox/maillot-de-bain-frange-corail.jpg"
1;"Maillots de bain";"leo-x005c-46";"Maillot de bain ""Frange"" corail";"corail";"Maillot de bain bandeau ""Frange"" corail. Bandeau avec 2 rangées de frange, mousse amovible. Se noue dans le dos et tour de cou réglable et amovible. Culotte assorti, se noue sur les côtés. Composition: 85% Polyamide - 15% Elasthane.";"12.00";3;"http://www.chantefeuille.fr/4290-6851-thickbox/maillot-de-bain-frange-corail.jpg"
1;"Maillots de bain";"leo-x005c-48";"Maillot de bain ""Frange"" corail";"corail";"Maillot de bain bandeau ""Frange"" corail. Bandeau avec 2 rangées de frange, mousse amovible. Se noue dans le dos et tour de cou réglable et amovible. Culotte assorti, se noue sur les côtés. Composition: 85% Polyamide - 15% Elasthane.";"12.00";4;"http://www.chantefeuille.fr/4290-6851-thickbox/maillot-de-bain-frange-corail.jpg"
1;"Maillots de bain";"leo-x005f-42";"Maillot de bain ""Frange"" fushia";"fushia";"Maillot de bain bandeau ""Frange"" corail. Bandeau avec 2 rangées de frange, mousse amovible. Se noue dans le dos et tour de cou réglable et amovible. Culotte assorti, se noue sur les côtés. Composition: 85% Polyamide - 15% Elasthane.";"12.00";1;"http://www.chantefeuille.fr/4291-6853-thickbox/maillot-de-bain-frange-fushia.jpg"
1;"Maillots de bain";"leo-x005f-44";"Maillot de bain ""Frange"" fushia";"fushia";"Maillot de bain bandeau ""Frange"" corail. Bandeau avec 2 rangées de frange, mousse amovible. Se noue dans le dos et tour de cou réglable et amovible. Culotte assorti, se noue sur les côtés. Composition: 85% Polyamide - 15% Elasthane.";"12.00";3;"http://www.chantefeuille.fr/4291-6853-thickbox/maillot-de-bain-frange-fushia.jpg"
1;"Maillots de bain";"leo-x005f-46";"Maillot de bain ""Frange"" fushia";"fushia";"Maillot de bain bandeau ""Frange"" corail. Bandeau avec 2 rangées de frange, mousse amovible. Se noue dans le dos et tour de cou réglable et amovible. Culotte assorti, se noue sur les côtés. Composition: 85% Polyamide - 15% Elasthane.";"12.00";2;"http://www.chantefeuille.fr/4291-6853-thickbox/maillot-de-bain-frange-fushia.jpg"
1;"Maillots de bain";"leo-x005f-48";"Maillot de bain ""Frange"" fushia";"fushia";"Maillot de bain bandeau ""Frange"" corail. Bandeau avec 2 rangées de frange, mousse amovible. Se noue dans le dos et tour de cou réglable et amovible. Culotte assorti, se noue sur les côtés. Composition: 85% Polyamide - 15% Elasthane.";"12.00";2;"http://www.chantefeuille.fr/4291-6853-thickbox/maillot-de-bain-frange-fushia.jpg"
1;"Maillots de bain";"leo-x005b-42";"Maillot de bain ""Frange"" bleu";"bleu";"Maillot de bain bandeau ""Frange"" bleu. Bandeau avec 2 rangées de frange, mousse amovible. Se noue dans le dos et tour de cou réglable et amovible. Culotte assorti, se noue sur les côtés. Composition: 85% Polyamide - 15% Elasthane.";"12.00";0;"http://www.chantefeuille.fr/4292-6855-thickbox/maillot-de-bain-frange-bleu.jpg"
1;"Maillots de bain";"leo-x005b-44";"Maillot de bain ""Frange"" bleu";"bleu";"Maillot de bain bandeau ""Frange"" bleu. Bandeau avec 2 rangées de frange, mousse amovible. Se noue dans le dos et tour de cou réglable et amovible. Culotte assorti, se noue sur les côtés. Composition: 85% Polyamide - 15% Elasthane.";"12.00";3;"http://www.chantefeuille.fr/4292-6855-thickbox/maillot-de-bain-frange-bleu.jpg"
1;"Maillots de bain";"leo-x005b-46";"Maillot de bain ""Frange"" bleu";"bleu";"Maillot de bain bandeau ""Frange"" bleu. Bandeau avec 2 rangées de frange, mousse amovible. Se noue dans le dos et tour de cou réglable et amovible. Culotte assorti, se noue sur les côtés. Composition: 85% Polyamide - 15% Elasthane.";"12.00";4;"http://www.chantefeuille.fr/4292-6855-thickbox/maillot-de-bain-frange-bleu.jpg"
1;"Maillots de bain";"leo-x005b-48";"Maillot de bain ""Frange"" bleu";"bleu";"Maillot de bain bandeau ""Frange"" bleu. Bandeau avec 2 rangées de frange, mousse amovible. Se noue dans le dos et tour de cou réglable et amovible. Culotte assorti, se noue sur les côtés. Composition: 85% Polyamide - 15% Elasthane.";"12.00";3;"http://www.chantefeuille.fr/4292-6855-thickbox/maillot-de-bain-frange-bleu.jpg"
1;"Maillots de bain";"leo-x005v-42";"Maillot de bain ""Frange"" vert";"vert";"Maillot de bain bandeau ""Frange"" vert. Bandeau avec 2 rangées de frange, mousse amovible. Se noue dans le dos et tour de cou réglable et amovible. Culotte assorti, se noue sur les côtés. Composition: 85% Polyamide - 15% Elasthane.";"12.00";4;"http://www.chantefeuille.fr/4293-6857-thickbox/maillot-de-bain-frange-vert.jpg"
1;"Maillots de bain";"leo-x005v-44";"Maillot de bain ""Frange"" vert";"vert";"Maillot de bain bandeau ""Frange"" vert. Bandeau avec 2 rangées de frange, mousse amovible. Se noue dans le dos et tour de cou réglable et amovible. Culotte assorti, se noue sur les côtés. Composition: 85% Polyamide - 15% Elasthane.";"12.00";4;"http://www.chantefeuille.fr/4293-6857-thickbox/maillot-de-bain-frange-vert.jpg"
1;"Maillots de bain";"leo-x005v-46";"Maillot de bain ""Frange"" vert";"vert";"Maillot de bain bandeau ""Frange"" vert. Bandeau avec 2 rangées de frange, mousse amovible. Se noue dans le dos et tour de cou réglable et amovible. Culotte assorti, se noue sur les côtés. Composition: 85% Polyamide - 15% Elasthane.";"12.00";5;"http://www.chantefeuille.fr/4293-6857-thickbox/maillot-de-bain-frange-vert.jpg"
1;"Maillots de bain";"leo-x005v-48";"Maillot de bain ""Frange"" vert";"vert";"Maillot de bain bandeau ""Frange"" vert. Bandeau avec 2 rangées de frange, mousse amovible. Se noue dans le dos et tour de cou réglable et amovible. Culotte assorti, se noue sur les côtés. Composition: 85% Polyamide - 15% Elasthane.";"12.00";5;"http://www.chantefeuille.fr/4293-6857-thickbox/maillot-de-bain-frange-vert.jpg"
1;"Maillots de bain";"leo-x006r-42";"Maillot de bain ""Samantha"" rouge";"rouge";"Maillot de bain bandeau ""Samantha"" rouge. Bandeau avec petite fleur agrémenté de perle, fine mousse cousu pour un bon maintien. Se noue dans le dos et tour de cou réglable et amovible. Culotte assorti, se noue sur les côtés. Composition: 85% Polyamide - 15% Elasthane.";"12.00";2;"http://www.chantefeuille.fr/4294-6859-thickbox/maillot-de-bain-samantha-rouge.jpg"
1;"Maillots de bain";"leo-x006r-44";"Maillot de bain ""Samantha"" rouge";"rouge";"Maillot de bain bandeau ""Samantha"" rouge. Bandeau avec petite fleur agrémenté de perle, fine mousse cousu pour un bon maintien. Se noue dans le dos et tour de cou réglable et amovible. Culotte assorti, se noue sur les côtés. Composition: 85% Polyamide - 15% Elasthane.";"12.00";2;"http://www.chantefeuille.fr/4294-6859-thickbox/maillot-de-bain-samantha-rouge.jpg"
1;"Maillots de bain";"leo-x006r-46";"Maillot de bain ""Samantha"" rouge";"rouge";"Maillot de bain bandeau ""Samantha"" rouge. Bandeau avec petite fleur agrémenté de perle, fine mousse cousu pour un bon maintien. Se noue dans le dos et tour de cou réglable et amovible. Culotte assorti, se noue sur les côtés. Composition: 85% Polyamide - 15% Elasthane.";"12.00";1;"http://www.chantefeuille.fr/4294-6859-thickbox/maillot-de-bain-samantha-rouge.jpg"
1;"Maillots de bain";"leo-x006r-48";"Maillot de bain ""Samantha"" rouge";"rouge";"Maillot de bain bandeau ""Samantha"" rouge. Bandeau avec petite fleur agrémenté de perle, fine mousse cousu pour un bon maintien. Se noue dans le dos et tour de cou réglable et amovible. Culotte assorti, se noue sur les côtés. Composition: 85% Polyamide - 15% Elasthane.";"12.00";1;"http://www.chantefeuille.fr/4294-6859-thickbox/maillot-de-bain-samantha-rouge.jpg"
1;"Maillots de bain";"leo-x006f-42";"Maillot de bain ""Samantha"" fushia";"fushia";"Maillot de bain bandeau ""Samantha"" fushia. Bandeau avec petite fleur agrémenté de perle, fine mousse cousu pour un bon maintien. Se noue dans le dos et tour de cou réglable et amovible. Culotte assorti, se noue sur les côtés. Composition: 85% Polyamide - 15% Elasthane.";"12.00";2;"http://www.chantefeuille.fr/4295-6861-thickbox/maillot-de-bain-samantha-fushia.jpg"
1;"Maillots de bain";"leo-x006f-44";"Maillot de bain ""Samantha"" fushia";"fushia";"Maillot de bain bandeau ""Samantha"" fushia. Bandeau avec petite fleur agrémenté de perle, fine mousse cousu pour un bon maintien. Se noue dans le dos et tour de cou réglable et amovible. Culotte assorti, se noue sur les côtés. Composition: 85% Polyamide - 15% Elasthane.";"12.00";2;"http://www.chantefeuille.fr/4295-6861-thickbox/maillot-de-bain-samantha-fushia.jpg"
1;"Maillots de bain";"leo-x006f-46";"Maillot de bain ""Samantha"" fushia";"fushia";"Maillot de bain bandeau ""Samantha"" fushia. Bandeau avec petite fleur agrémenté de perle, fine mousse cousu pour un bon maintien. Se noue dans le dos et tour de cou réglable et amovible. Culotte assorti, se noue sur les côtés. Composition: 85% Polyamide - 15% Elasthane.";"12.00";2;"http://www.chantefeuille.fr/4295-6861-thickbox/maillot-de-bain-samantha-fushia.jpg"
1;"Maillots de bain";"leo-x006f-48";"Maillot de bain ""Samantha"" fushia";"fushia";"Maillot de bain bandeau ""Samantha"" fushia. Bandeau avec petite fleur agrémenté de perle, fine mousse cousu pour un bon maintien. Se noue dans le dos et tour de cou réglable et amovible. Culotte assorti, se noue sur les côtés. Composition: 85% Polyamide - 15% Elasthane.";"12.00";2;"http://www.chantefeuille.fr/4295-6861-thickbox/maillot-de-bain-samantha-fushia.jpg"
1;"Maillots de bain";"leo-x006b-42";"Maillot de bain ""Samantha"" bleu";"bleu";"Maillot de bain bandeau ""Samantha"" bleu. Bandeau avec petite fleur agrémenté de perle, fine mousse cousu pour un bon maintien. Se noue dans le dos et tour de cou réglable et amovible. Culotte assorti, se noue sur les côtés. Composition: 85% Polyamide - 15% Elasthane.";"12.00";2;"http://www.chantefeuille.fr/4296-6863-thickbox/maillot-de-bain-samantha-bleu.jpg"
1;"Maillots de bain";"leo-x006b-44";"Maillot de bain ""Samantha"" bleu";"bleu";"Maillot de bain bandeau ""Samantha"" bleu. Bandeau avec petite fleur agrémenté de perle, fine mousse cousu pour un bon maintien. Se noue dans le dos et tour de cou réglable et amovible. Culotte assorti, se noue sur les côtés. Composition: 85% Polyamide - 15% Elasthane.";"12.00";1;"http://www.chantefeuille.fr/4296-6863-thickbox/maillot-de-bain-samantha-bleu.jpg"
1;"Maillots de bain";"leo-x006b-46";"Maillot de bain ""Samantha"" bleu";"bleu";"Maillot de bain bandeau ""Samantha"" bleu. Bandeau avec petite fleur agrémenté de perle, fine mousse cousu pour un bon maintien. Se noue dans le dos et tour de cou réglable et amovible. Culotte assorti, se noue sur les côtés. Composition: 85% Polyamide - 15% Elasthane.";"12.00";2;"http://www.chantefeuille.fr/4296-6863-thickbox/maillot-de-bain-samantha-bleu.jpg"
1;"Maillots de bain";"leo-x006b-48";"Maillot de bain ""Samantha"" bleu";"bleu";"Maillot de bain bandeau ""Samantha"" bleu. Bandeau avec petite fleur agrémenté de perle, fine mousse cousu pour un bon maintien. Se noue dans le dos et tour de cou réglable et amovible. Culotte assorti, se noue sur les côtés. Composition: 85% Polyamide - 15% Elasthane.";"12.00";1;"http://www.chantefeuille.fr/4296-6863-thickbox/maillot-de-bain-samantha-bleu.jpg"
1;"Maillots de bain";"leo-x006v-42";"Maillot de bain ""Samantha"" vert";"vert";"Maillot de bain bandeau ""Samantha"" vert. Bandeau avec petite fleur agrémenté de perle, fine mousse cousu pour un bon maintien. Se noue dans le dos et tour de cou réglable et amovible. Culotte assorti, se noue sur les côtés. Composition: 85% Polyamide - 15% Elasthane.";"12.00";2;"http://www.chantefeuille.fr/4297-6865-thickbox/maillot-de-bain-samantha-vert.jpg"
1;"Maillots de bain";"leo-x006v-44";"Maillot de bain ""Samantha"" vert";"vert";"Maillot de bain bandeau ""Samantha"" vert. Bandeau avec petite fleur agrémenté de perle, fine mousse cousu pour un bon maintien. Se noue dans le dos et tour de cou réglable et amovible. Culotte assorti, se noue sur les côtés. Composition: 85% Polyamide - 15% Elasthane.";"12.00";2;"http://www.chantefeuille.fr/4297-6865-thickbox/maillot-de-bain-samantha-vert.jpg"
1;"Maillots de bain";"leo-x006v-46";"Maillot de bain ""Samantha"" vert";"vert";"Maillot de bain bandeau ""Samantha"" vert. Bandeau avec petite fleur agrémenté de perle, fine mousse cousu pour un bon maintien. Se noue dans le dos et tour de cou réglable et amovible. Culotte assorti, se noue sur les côtés. Composition: 85% Polyamide - 15% Elasthane.";"12.00";2;"http://www.chantefeuille.fr/4297-6865-thickbox/maillot-de-bain-samantha-vert.jpg"
1;"Maillots de bain";"leo-x006v-48";"Maillot de bain ""Samantha"" vert";"vert";"Maillot de bain bandeau ""Samantha"" vert. Bandeau avec petite fleur agrémenté de perle, fine mousse cousu pour un bon maintien. Se noue dans le dos et tour de cou réglable et amovible. Culotte assorti, se noue sur les côtés. Composition: 85% Polyamide - 15% Elasthane.";"12.00";2;"http://www.chantefeuille.fr/4297-6865-thickbox/maillot-de-bain-samantha-vert.jpg"
1;"Maillots de bain";"leo-x007r-42";"Maillot de bain ""Elodie"" rouge";"rouge";"Maillot de bain bandeau ""Elodie"" rouge. Bandeau avec 2 rangées de frange, mousse amovible. Se noue dans le dos et tour de cou réglable et amovible. Culotte assorti. Composition: 85% Polyamide - 15% Elasthane.";"12.00";2;"http://www.chantefeuille.fr/4298-6867-thickbox/maillot-de-bain-elodie-rouge.jpg"
1;"Maillots de bain";"leo-x007r-44";"Maillot de bain ""Elodie"" rouge";"rouge";"Maillot de bain bandeau ""Elodie"" rouge. Bandeau avec 2 rangées de frange, mousse amovible. Se noue dans le dos et tour de cou réglable et amovible. Culotte assorti. Composition: 85% Polyamide - 15% Elasthane.";"12.00";2;"http://www.chantefeuille.fr/4298-6867-thickbox/maillot-de-bain-elodie-rouge.jpg"
1;"Maillots de bain";"leo-x007r-46";"Maillot de bain ""Elodie"" rouge";"rouge";"Maillot de bain bandeau ""Elodie"" rouge. Bandeau avec 2 rangées de frange, mousse amovible. Se noue dans le dos et tour de cou réglable et amovible. Culotte assorti. Composition: 85% Polyamide - 15% Elasthane.";"12.00";2;"http://www.chantefeuille.fr/4298-6867-thickbox/maillot-de-bain-elodie-rouge.jpg"
1;"Maillots de bain";"leo-x007r-48";"Maillot de bain ""Elodie"" rouge";"rouge";"Maillot de bain bandeau ""Elodie"" rouge. Bandeau avec 2 rangées de frange, mousse amovible. Se noue dans le dos et tour de cou réglable et amovible. Culotte assorti. Composition: 85% Polyamide - 15% Elasthane.";"12.00";2;"http://www.chantefeuille.fr/4298-6867-thickbox/maillot-de-bain-elodie-rouge.jpg"
1;"Maillots de bain";"leo-x007b-42";"Maillot de bain ""Elodie"" bleu";"bleu";"Maillot de bain bandeau ""Elodie"" bleu. Bandeau avec 2 rangées de frange, mousse amovible. Se noue dans le dos et tour de cou réglable et amovible. Culotte assorti. Composition: 85% Polyamide - 15% Elasthane.";"12.00";2;"http://www.chantefeuille.fr/4299-6869-thickbox/maillot-de-bain-elodie-bleu.jpg"
1;"Maillots de bain";"leo-x007b-44";"Maillot de bain ""Elodie"" bleu";"bleu";"Maillot de bain bandeau ""Elodie"" bleu. Bandeau avec 2 rangées de frange, mousse amovible. Se noue dans le dos et tour de cou réglable et amovible. Culotte assorti. Composition: 85% Polyamide - 15% Elasthane.";"12.00";2;"http://www.chantefeuille.fr/4299-6869-thickbox/maillot-de-bain-elodie-bleu.jpg"
1;"Maillots de bain";"leo-x007b-46";"Maillot de bain ""Elodie"" bleu";"bleu";"Maillot de bain bandeau ""Elodie"" bleu. Bandeau avec 2 rangées de frange, mousse amovible. Se noue dans le dos et tour de cou réglable et amovible. Culotte assorti. Composition: 85% Polyamide - 15% Elasthane.";"12.00";2;"http://www.chantefeuille.fr/4299-6869-thickbox/maillot-de-bain-elodie-bleu.jpg"
1;"Maillots de bain";"leo-x007b-48";"Maillot de bain ""Elodie"" bleu";"bleu";"Maillot de bain bandeau ""Elodie"" bleu. Bandeau avec 2 rangées de frange, mousse amovible. Se noue dans le dos et tour de cou réglable et amovible. Culotte assorti. Composition: 85% Polyamide - 15% Elasthane.";"12.00";2;"http://www.chantefeuille.fr/4299-6869-thickbox/maillot-de-bain-elodie-bleu.jpg"
1;"Maillots de bain";"leo-x007v-42";"Maillot de bain ""Elodie"" vert";"vert";"Maillot de bain bandeau ""Elodie"" vert. Bandeau avec 2 rangées de frange, mousse amovible. Se noue dans le dos et tour de cou réglable et amovible. Culotte assorti. Composition: 85% Polyamide - 15% Elasthane.";"12.00";2;"http://www.chantefeuille.fr/4300-6871-thickbox/maillot-de-bain-elodie-vert.jpg"
1;"Maillots de bain";"leo-x007v-44";"Maillot de bain ""Elodie"" vert";"vert";"Maillot de bain bandeau ""Elodie"" vert. Bandeau avec 2 rangées de frange, mousse amovible. Se noue dans le dos et tour de cou réglable et amovible. Culotte assorti. Composition: 85% Polyamide - 15% Elasthane.";"12.00";2;"http://www.chantefeuille.fr/4300-6871-thickbox/maillot-de-bain-elodie-vert.jpg"
1;"Maillots de bain";"leo-x007v-46";"Maillot de bain ""Elodie"" vert";"vert";"Maillot de bain bandeau ""Elodie"" vert. Bandeau avec 2 rangées de frange, mousse amovible. Se noue dans le dos et tour de cou réglable et amovible. Culotte assorti. Composition: 85% Polyamide - 15% Elasthane.";"12.00";2;"http://www.chantefeuille.fr/4300-6871-thickbox/maillot-de-bain-elodie-vert.jpg"
1;"Maillots de bain";"leo-x007v-48";"Maillot de bain ""Elodie"" vert";"vert";"Maillot de bain bandeau ""Elodie"" vert. Bandeau avec 2 rangées de frange, mousse amovible. Se noue dans le dos et tour de cou réglable et amovible. Culotte assorti. Composition: 85% Polyamide - 15% Elasthane.";"12.00";2;"http://www.chantefeuille.fr/4300-6871-thickbox/maillot-de-bain-elodie-vert.jpg"
1;"Maillots de bain";"leo-x007j-42";"Maillot de bain ""Elodie"" jaune";"jaune";"Maillot de bain bandeau ""Elodie"" jaune. Bandeau avec 2 rangées de frange, mousse amovible. Se noue dans le dos et tour de cou réglable et amovible. Culotte assorti. Composition: 85% Polyamide - 15% Elasthane.";"12.00";2;"http://www.chantefeuille.fr/4301-6873-thickbox/maillot-de-bain-elodie-jaune.jpg"
1;"Maillots de bain";"leo-x007j-44";"Maillot de bain ""Elodie"" jaune";"jaune";"Maillot de bain bandeau ""Elodie"" jaune. Bandeau avec 2 rangées de frange, mousse amovible. Se noue dans le dos et tour de cou réglable et amovible. Culotte assorti. Composition: 85% Polyamide - 15% Elasthane.";"12.00";2;"http://www.chantefeuille.fr/4301-6873-thickbox/maillot-de-bain-elodie-jaune.jpg"
1;"Maillots de bain";"leo-x007j-46";"Maillot de bain ""Elodie"" jaune";"jaune";"Maillot de bain bandeau ""Elodie"" jaune. Bandeau avec 2 rangées de frange, mousse amovible. Se noue dans le dos et tour de cou réglable et amovible. Culotte assorti. Composition: 85% Polyamide - 15% Elasthane.";"12.00";2;"http://www.chantefeuille.fr/4301-6873-thickbox/maillot-de-bain-elodie-jaune.jpg"
1;"Maillots de bain";"leo-x007j-48";"Maillot de bain ""Elodie"" jaune";"jaune";"Maillot de bain bandeau ""Elodie"" jaune. Bandeau avec 2 rangées de frange, mousse amovible. Se noue dans le dos et tour de cou réglable et amovible. Culotte assorti. Composition: 85% Polyamide - 15% Elasthane.";"12.00";2;"http://www.chantefeuille.fr/4301-6873-thickbox/maillot-de-bain-elodie-jaune.jpg"
1;"Maillots de bain";"dls125c-1/40";"Maillot de bain ""Dentelle"" corail";"corail";"Maillot de bain bandeau ""Dentelle"" corail. Maillot recouvert de dentelle. Rembourré avec coque non amovible, push up amovible. Se noue autour du cou et dans le dos. Culotte assorti, se noue sur les côtés. Composition: 82% Polyester - 18% Elasthane.";"12.00";5;"http://www.chantefeuille.fr/4320-6895-thickbox/maillot-de-bain-dentelle-corail.jpg"
1;"Maillots de bain";"dls125c-2/42";"Maillot de bain ""Dentelle"" corail";"corail";"Maillot de bain bandeau ""Dentelle"" corail. Maillot recouvert de dentelle. Rembourré avec coque non amovible, push up amovible. Se noue autour du cou et dans le dos. Culotte assorti, se noue sur les côtés. Composition: 82% Polyester - 18% Elasthane.";"12.00";5;"http://www.chantefeuille.fr/4320-6895-thickbox/maillot-de-bain-dentelle-corail.jpg"
1;"Maillots de bain";"dls125c-3/44";"Maillot de bain ""Dentelle"" corail";"corail";"Maillot de bain bandeau ""Dentelle"" corail. Maillot recouvert de dentelle. Rembourré avec coque non amovible, push up amovible. Se noue autour du cou et dans le dos. Culotte assorti, se noue sur les côtés. Composition: 82% Polyester - 18% Elasthane.";"12.00";5;"http://www.chantefeuille.fr/4320-6895-thickbox/maillot-de-bain-dentelle-corail.jpg"
1;"Maillots de bain";"dls125c-4/46";"Maillot de bain ""Dentelle"" corail";"corail";"Maillot de bain bandeau ""Dentelle"" corail. Maillot recouvert de dentelle. Rembourré avec coque non amovible, push up amovible. Se noue autour du cou et dans le dos. Culotte assorti, se noue sur les côtés. Composition: 82% Polyester - 18% Elasthane.";"12.00";5;"http://www.chantefeuille.fr/4320-6895-thickbox/maillot-de-bain-dentelle-corail.jpg"
1;"Maillots de bain";"dls125v-1/40";"Maillot de bain ""Dentelle"" vert";"vert";"Maillot de bain bandeau ""Dentelle"" vert. Maillot recouvert de dentelle. Rembourré avec coque non amovible, push up amovible. Se noue autour du cou et dans le dos. Culotte assorti, se noue sur les côtés. Composition: 82% Polyester - 18% Elasthane.";"12.00";5;"http://www.chantefeuille.fr/4321-6897-thickbox/maillot-de-bain-dentelle-vert.jpg"
1;"Maillots de bain";"dls125v-2/42";"Maillot de bain ""Dentelle"" vert";"vert";"Maillot de bain bandeau ""Dentelle"" vert. Maillot recouvert de dentelle. Rembourré avec coque non amovible, push up amovible. Se noue autour du cou et dans le dos. Culotte assorti, se noue sur les côtés. Composition: 82% Polyester - 18% Elasthane.";"12.00";5;"http://www.chantefeuille.fr/4321-6897-thickbox/maillot-de-bain-dentelle-vert.jpg"
1;"Maillots de bain";"dls125v-3/44";"Maillot de bain ""Dentelle"" vert";"vert";"Maillot de bain bandeau ""Dentelle"" vert. Maillot recouvert de dentelle. Rembourré avec coque non amovible, push up amovible. Se noue autour du cou et dans le dos. Culotte assorti, se noue sur les côtés. Composition: 82% Polyester - 18% Elasthane.";"12.00";5;"http://www.chantefeuille.fr/4321-6897-thickbox/maillot-de-bain-dentelle-vert.jpg"
1;"Maillots de bain";"dls125v-4/46";"Maillot de bain ""Dentelle"" vert";"vert";"Maillot de bain bandeau ""Dentelle"" vert. Maillot recouvert de dentelle. Rembourré avec coque non amovible, push up amovible. Se noue autour du cou et dans le dos. Culotte assorti, se noue sur les côtés. Composition: 82% Polyester - 18% Elasthane.";"12.00";5;"http://www.chantefeuille.fr/4321-6897-thickbox/maillot-de-bain-dentelle-vert.jpg"
1;"Maillots de bain";"dls125j-1/40";"Maillot de bain ""Dentelle"" jaune";"jaune";"Maillot de bain bandeau ""Dentelle"" jaune. Maillot recouvert de dentelle. Rembourré avec coque non amovible, push up amovible. Se noue autour du cou et dans le dos. Culotte assorti, se noue sur les côtés. Composition: 82% Polyester - 18% Elasthane.";"12.00";5;"http://www.chantefeuille.fr/4322-6899-thickbox/maillot-de-bain-dentelle-jaune.jpg"
1;"Maillots de bain";"dls125j-2/42";"Maillot de bain ""Dentelle"" jaune";"jaune";"Maillot de bain bandeau ""Dentelle"" jaune. Maillot recouvert de dentelle. Rembourré avec coque non amovible, push up amovible. Se noue autour du cou et dans le dos. Culotte assorti, se noue sur les côtés. Composition: 82% Polyester - 18% Elasthane.";"12.00";5;"http://www.chantefeuille.fr/4322-6899-thickbox/maillot-de-bain-dentelle-jaune.jpg"
1;"Maillots de bain";"dls125j-3/44";"Maillot de bain ""Dentelle"" jaune";"jaune";"Maillot de bain bandeau ""Dentelle"" jaune. Maillot recouvert de dentelle. Rembourré avec coque non amovible, push up amovible. Se noue autour du cou et dans le dos. Culotte assorti, se noue sur les côtés. Composition: 82% Polyester - 18% Elasthane.";"12.00";5;"http://www.chantefeuille.fr/4322-6899-thickbox/maillot-de-bain-dentelle-jaune.jpg"
1;"Maillots de bain";"dls125j-4/46";"Maillot de bain ""Dentelle"" jaune";"jaune";"Maillot de bain bandeau ""Dentelle"" jaune. Maillot recouvert de dentelle. Rembourré avec coque non amovible, push up amovible. Se noue autour du cou et dans le dos. Culotte assorti, se noue sur les côtés. Composition: 82% Polyester - 18% Elasthane.";"12.00";5;"http://www.chantefeuille.fr/4322-6899-thickbox/maillot-de-bain-dentelle-jaune.jpg"
1;"Maillots de bain";"dls125m-1/40";"Maillot de bain ""Dentelle"" mauve";"mauve";"Maillot de bain bandeau ""Dentelle"" mauve. Maillot recouvert de dentelle. Rembourré avec coque non amovible, push up amovible. Se noue autour du cou et dans le dos. Culotte assorti, se noue sur les côtés. Composition: 82% Polyester - 18% Elasthane.";"12.00";5;"http://www.chantefeuille.fr/4323-6901-thickbox/maillot-de-bain-dentelle-mauve.jpg"
1;"Maillots de bain";"dls125m-2/42";"Maillot de bain ""Dentelle"" mauve";"mauve";"Maillot de bain bandeau ""Dentelle"" mauve. Maillot recouvert de dentelle. Rembourré avec coque non amovible, push up amovible. Se noue autour du cou et dans le dos. Culotte assorti, se noue sur les côtés. Composition: 82% Polyester - 18% Elasthane.";"12.00";5;"http://www.chantefeuille.fr/4323-6901-thickbox/maillot-de-bain-dentelle-mauve.jpg"
1;"Maillots de bain";"dls125m-3/44";"Maillot de bain ""Dentelle"" mauve";"mauve";"Maillot de bain bandeau ""Dentelle"" mauve. Maillot recouvert de dentelle. Rembourré avec coque non amovible, push up amovible. Se noue autour du cou et dans le dos. Culotte assorti, se noue sur les côtés. Composition: 82% Polyester - 18% Elasthane.";"12.00";5;"http://www.chantefeuille.fr/4323-6901-thickbox/maillot-de-bain-dentelle-mauve.jpg"
1;"Maillots de bain";"dls125m-4/46";"Maillot de bain ""Dentelle"" mauve";"mauve";"Maillot de bain bandeau ""Dentelle"" mauve. Maillot recouvert de dentelle. Rembourré avec coque non amovible, push up amovible. Se noue autour du cou et dans le dos. Culotte assorti, se noue sur les côtés. Composition: 82% Polyester - 18% Elasthane.";"12.00";5;"http://www.chantefeuille.fr/4323-6901-thickbox/maillot-de-bain-dentelle-mauve.jpg"
1;"Maillots de bain";"dls125o-1/40";"Maillot de bain ""Dentelle"" orange";"orange";"Maillot de bain bandeau ""Dentelle"" orange. Maillot recouvert de dentelle. Rembourré avec coque non amovible, push up amovible. Se noue autour du cou et dans le dos. Culotte assorti, se noue sur les côtés. Composition: 82% Polyester - 18% Elasthane.";"12.00";5;"http://www.chantefeuille.fr/4324-6903-thickbox/maillot-de-bain-dentelle-orange.jpg"
1;"Maillots de bain";"dls125o-2/42";"Maillot de bain ""Dentelle"" orange";"orange";"Maillot de bain bandeau ""Dentelle"" orange. Maillot recouvert de dentelle. Rembourré avec coque non amovible, push up amovible. Se noue autour du cou et dans le dos. Culotte assorti, se noue sur les côtés. Composition: 82% Polyester - 18% Elasthane.";"12.00";5;"http://www.chantefeuille.fr/4324-6903-thickbox/maillot-de-bain-dentelle-orange.jpg"
1;"Maillots de bain";"dls125o-3/44";"Maillot de bain ""Dentelle"" orange";"orange";"Maillot de bain bandeau ""Dentelle"" orange. Maillot recouvert de dentelle. Rembourré avec coque non amovible, push up amovible. Se noue autour du cou et dans le dos. Culotte assorti, se noue sur les côtés. Composition: 82% Polyester - 18% Elasthane.";"12.00";5;"http://www.chantefeuille.fr/4324-6903-thickbox/maillot-de-bain-dentelle-orange.jpg"
1;"Maillots de bain";"dls125o-4/46";"Maillot de bain ""Dentelle"" orange";"orange";"Maillot de bain bandeau ""Dentelle"" orange. Maillot recouvert de dentelle. Rembourré avec coque non amovible, push up amovible. Se noue autour du cou et dans le dos. Culotte assorti, se noue sur les côtés. Composition: 82% Polyester - 18% Elasthane.";"12.00";5;"http://www.chantefeuille.fr/4324-6903-thickbox/maillot-de-bain-dentelle-orange.jpg"
1;"Maillots de bain";"dls156v-1/40";"Maillot de bain ""Donna"" vert";"vert";"Maillot de bain bandeau ""Donna"" vert. Maillot recouvert de tissu imprimé multicolore. Rembourré avec coque non amovible, push up amovible. Se noue autour du cou et dans le dos. Culotte assorti, se noue sur les côtés. Composition: 82% Polyester - 18% Elasthane.";"12.00";5;"http://www.chantefeuille.fr/4325-6905-thickbox/maillot-de-bain-donna-vert.jpg"
1;"Maillots de bain";"dls156v-2/42";"Maillot de bain ""Donna"" vert";"vert";"Maillot de bain bandeau ""Donna"" vert. Maillot recouvert de tissu imprimé multicolore. Rembourré avec coque non amovible, push up amovible. Se noue autour du cou et dans le dos. Culotte assorti, se noue sur les côtés. Composition: 82% Polyester - 18% Elasthane.";"12.00";5;"http://www.chantefeuille.fr/4325-6905-thickbox/maillot-de-bain-donna-vert.jpg"
1;"Maillots de bain";"dls156v-3/44";"Maillot de bain ""Donna"" vert";"vert";"Maillot de bain bandeau ""Donna"" vert. Maillot recouvert de tissu imprimé multicolore. Rembourré avec coque non amovible, push up amovible. Se noue autour du cou et dans le dos. Culotte assorti, se noue sur les côtés. Composition: 82% Polyester - 18% Elasthane.";"12.00";5;"http://www.chantefeuille.fr/4325-6905-thickbox/maillot-de-bain-donna-vert.jpg"
1;"Maillots de bain";"dls156v-4/46";"Maillot de bain ""Donna"" vert";"vert";"Maillot de bain bandeau ""Donna"" vert. Maillot recouvert de tissu imprimé multicolore. Rembourré avec coque non amovible, push up amovible. Se noue autour du cou et dans le dos. Culotte assorti, se noue sur les côtés. Composition: 82% Polyester - 18% Elasthane.";"12.00";5;"http://www.chantefeuille.fr/4325-6905-thickbox/maillot-de-bain-donna-vert.jpg"
1;"Maillots de bain";"dls156r-1/40";"Maillot de bain ""Donna"" rose";"rose";"Maillot de bain bandeau ""Donna"" rose. Maillot recouvert de tissu imprimé multicolore. Rembourré avec coque non amovible, push up amovible. Se noue autour du cou et dans le dos. Culotte assorti, se noue sur les côtés. Composition: 82% Polyester - 18% Elasthane.";"12.00";4;"http://www.chantefeuille.fr/4326-6906-thickbox/maillot-de-bain-donna-rose.jpg"
1;"Maillots de bain";"dls156r-2/42";"Maillot de bain ""Donna"" rose";"rose";"Maillot de bain bandeau ""Donna"" rose. Maillot recouvert de tissu imprimé multicolore. Rembourré avec coque non amovible, push up amovible. Se noue autour du cou et dans le dos. Culotte assorti, se noue sur les côtés. Composition: 82% Polyester - 18% Elasthane.";"12.00";4;"http://www.chantefeuille.fr/4326-6906-thickbox/maillot-de-bain-donna-rose.jpg"
1;"Maillots de bain";"dls156r-3/44";"Maillot de bain ""Donna"" rose";"rose";"Maillot de bain bandeau ""Donna"" rose. Maillot recouvert de tissu imprimé multicolore. Rembourré avec coque non amovible, push up amovible. Se noue autour du cou et dans le dos. Culotte assorti, se noue sur les côtés. Composition: 82% Polyester - 18% Elasthane.";"12.00";5;"http://www.chantefeuille.fr/4326-6906-thickbox/maillot-de-bain-donna-rose.jpg"
1;"Maillots de bain";"dls156r-4/46";"Maillot de bain ""Donna"" rose";"rose";"Maillot de bain bandeau ""Donna"" rose. Maillot recouvert de tissu imprimé multicolore. Rembourré avec coque non amovible, push up amovible. Se noue autour du cou et dans le dos. Culotte assorti, se noue sur les côtés. Composition: 82% Polyester - 18% Elasthane.";"12.00";5;"http://www.chantefeuille.fr/4326-6906-thickbox/maillot-de-bain-donna-rose.jpg"
1;"Maillots de bain";"dls156o-1/40";"Maillot de bain ""Donna"" orange";"orange";"Maillot de bain bandeau ""Donna"" orange. Maillot recouvert de tissu imprimé multicolore. Rembourré avec coque non amovible, push up amovible. Se noue autour du cou et dans le dos. Culotte assorti, se noue sur les côtés. Composition: 82% Polyester - 18% Elasthane.";"12.00";5;"http://www.chantefeuille.fr/4327-6907-thickbox/maillot-de-bain-donna-orange.jpg"
1;"Maillots de bain";"dls156o-2/42";"Maillot de bain ""Donna"" orange";"orange";"Maillot de bain bandeau ""Donna"" orange. Maillot recouvert de tissu imprimé multicolore. Rembourré avec coque non amovible, push up amovible. Se noue autour du cou et dans le dos. Culotte assorti, se noue sur les côtés. Composition: 82% Polyester - 18% Elasthane.";"12.00";5;"http://www.chantefeuille.fr/4327-6907-thickbox/maillot-de-bain-donna-orange.jpg"
1;"Maillots de bain";"dls156o-3/44";"Maillot de bain ""Donna"" orange";"orange";"Maillot de bain bandeau ""Donna"" orange. Maillot recouvert de tissu imprimé multicolore. Rembourré avec coque non amovible, push up amovible. Se noue autour du cou et dans le dos. Culotte assorti, se noue sur les côtés. Composition: 82% Polyester - 18% Elasthane.";"12.00";5;"http://www.chantefeuille.fr/4327-6907-thickbox/maillot-de-bain-donna-orange.jpg"
1;"Maillots de bain";"dls156o-4/46";"Maillot de bain ""Donna"" orange";"orange";"Maillot de bain bandeau ""Donna"" orange. Maillot recouvert de tissu imprimé multicolore. Rembourré avec coque non amovible, push up amovible. Se noue autour du cou et dans le dos. Culotte assorti, se noue sur les côtés. Composition: 82% Polyester - 18% Elasthane.";"12.00";5;"http://www.chantefeuille.fr/4327-6907-thickbox/maillot-de-bain-donna-orange.jpg"
1;"Maillots de bain";"dls132c-1/40";"Maillot de bain ""Tricolore"" corail";"corail";"Maillot de bain bandeau ""Tricolore"" corail. Maillot imprimé tricolore dégrader. Rembourré avec coque non amovible, push up amovible. Se noue autour du cou et dans le dos. Culotte assorti, se noue sur les côtés. Composition: 82% Polyester - 18% Elasthane.";"12.00";5;"http://www.chantefeuille.fr/4328-6908-thickbox/maillot-de-bain-tricolore-corail.jpg"
1;"Maillots de bain";"dls132c-2/42";"Maillot de bain ""Tricolore"" corail";"corail";"Maillot de bain bandeau ""Tricolore"" corail. Maillot imprimé tricolore dégrader. Rembourré avec coque non amovible, push up amovible. Se noue autour du cou et dans le dos. Culotte assorti, se noue sur les côtés. Composition: 82% Polyester - 18% Elasthane.";"12.00";4;"http://www.chantefeuille.fr/4328-6908-thickbox/maillot-de-bain-tricolore-corail.jpg"
1;"Maillots de bain";"dls132c-3/44";"Maillot de bain ""Tricolore"" corail";"corail";"Maillot de bain bandeau ""Tricolore"" corail. Maillot imprimé tricolore dégrader. Rembourré avec coque non amovible, push up amovible. Se noue autour du cou et dans le dos. Culotte assorti, se noue sur les côtés. Composition: 82% Polyester - 18% Elasthane.";"12.00";5;"http://www.chantefeuille.fr/4328-6908-thickbox/maillot-de-bain-tricolore-corail.jpg"
1;"Maillots de bain";"dls132c-4/46";"Maillot de bain ""Tricolore"" corail";"corail";"Maillot de bain bandeau ""Tricolore"" corail. Maillot imprimé tricolore dégrader. Rembourré avec coque non amovible, push up amovible. Se noue autour du cou et dans le dos. Culotte assorti, se noue sur les côtés. Composition: 82% Polyester - 18% Elasthane.";"12.00";5;"http://www.chantefeuille.fr/4328-6908-thickbox/maillot-de-bain-tricolore-corail.jpg"
1;"Maillots de bain";"dls132v-1/40";"Maillot de bain ""Tricolore"" vert";"vert";"Maillot de bain bandeau ""Tricolore"" corail. Maillot imprimé tricolore dégrader. Rembourré avec coque non amovible, push up amovible. Se noue autour du cou et dans le dos. Culotte assorti, se noue sur les côtés. Composition: 82% Polyester - 18% Elasthane.";"12.00";5;"http://www.chantefeuille.fr/4329-6910-thickbox/maillot-de-bain-tricolore-vert.jpg"
1;"Maillots de bain";"dls132v-2/42";"Maillot de bain ""Tricolore"" vert";"vert";"Maillot de bain bandeau ""Tricolore"" corail. Maillot imprimé tricolore dégrader. Rembourré avec coque non amovible, push up amovible. Se noue autour du cou et dans le dos. Culotte assorti, se noue sur les côtés. Composition: 82% Polyester - 18% Elasthane.";"12.00";5;"http://www.chantefeuille.fr/4329-6910-thickbox/maillot-de-bain-tricolore-vert.jpg"
1;"Maillots de bain";"dls132v-3/44";"Maillot de bain ""Tricolore"" vert";"vert";"Maillot de bain bandeau ""Tricolore"" corail. Maillot imprimé tricolore dégrader. Rembourré avec coque non amovible, push up amovible. Se noue autour du cou et dans le dos. Culotte assorti, se noue sur les côtés. Composition: 82% Polyester - 18% Elasthane.";"12.00";5;"http://www.chantefeuille.fr/4329-6910-thickbox/maillot-de-bain-tricolore-vert.jpg"
1;"Maillots de bain";"dls132v-4/46";"Maillot de bain ""Tricolore"" vert";"vert";"Maillot de bain bandeau ""Tricolore"" corail. Maillot imprimé tricolore dégrader. Rembourré avec coque non amovible, push up amovible. Se noue autour du cou et dans le dos. Culotte assorti, se noue sur les côtés. Composition: 82% Polyester - 18% Elasthane.";"12.00";5;"http://www.chantefeuille.fr/4329-6910-thickbox/maillot-de-bain-tricolore-vert.jpg"
1;"Maillots de bain";"dls132b-1/40";"Maillot de bain ""Tricolore"" bleu";"bleu";"Maillot de bain bandeau ""Tricolore"" corail. Maillot imprimé tricolore dégrader. Rembourré avec coque non amovible, push up amovible. Se noue autour du cou et dans le dos. Culotte assorti, se noue sur les côtés. Composition: 82% Polyester - 18% Elasthane.";"12.00";4;"http://www.chantefeuille.fr/4330-6912-thickbox/maillot-de-bain-tricolore-bleu.jpg"
1;"Maillots de bain";"dls132b-2/42";"Maillot de bain ""Tricolore"" bleu";"bleu";"Maillot de bain bandeau ""Tricolore"" corail. Maillot imprimé tricolore dégrader. Rembourré avec coque non amovible, push up amovible. Se noue autour du cou et dans le dos. Culotte assorti, se noue sur les côtés. Composition: 82% Polyester - 18% Elasthane.";"12.00";5;"http://www.chantefeuille.fr/4330-6912-thickbox/maillot-de-bain-tricolore-bleu.jpg"
1;"Maillots de bain";"dls132b-3/44";"Maillot de bain ""Tricolore"" bleu";"bleu";"Maillot de bain bandeau ""Tricolore"" corail. Maillot imprimé tricolore dégrader. Rembourré avec coque non amovible, push up amovible. Se noue autour du cou et dans le dos. Culotte assorti, se noue sur les côtés. Composition: 82% Polyester - 18% Elasthane.";"12.00";5;"http://www.chantefeuille.fr/4330-6912-thickbox/maillot-de-bain-tricolore-bleu.jpg"
1;"Maillots de bain";"dls132b-4/46";"Maillot de bain ""Tricolore"" bleu";"bleu";"Maillot de bain bandeau ""Tricolore"" corail. Maillot imprimé tricolore dégrader. Rembourré avec coque non amovible, push up amovible. Se noue autour du cou et dans le dos. Culotte assorti, se noue sur les côtés. Composition: 82% Polyester - 18% Elasthane.";"12.00";5;"http://www.chantefeuille.fr/4330-6912-thickbox/maillot-de-bain-tricolore-bleu.jpg"
1;"Maillots de bain";"dls132o-1/40";"Maillot de bain ""Tricolore"" orange";"orange";"Maillot de bain bandeau ""Tricolore"" corail. Maillot imprimé tricolore dégrader. Rembourré avec coque non amovible, push up amovible. Se noue autour du cou et dans le dos. Culotte assorti, se noue sur les côtés. Composition: 82% Polyester - 18% Elasthane.";"12.00";5;"http://www.chantefeuille.fr/4331-6914-thickbox/maillot-de-bain-tricolore-orange.jpg"
1;"Maillots de bain";"dls132o-2/42";"Maillot de bain ""Tricolore"" orange";"orange";"Maillot de bain bandeau ""Tricolore"" corail. Maillot imprimé tricolore dégrader. Rembourré avec coque non amovible, push up amovible. Se noue autour du cou et dans le dos. Culotte assorti, se noue sur les côtés. Composition: 82% Polyester - 18% Elasthane.";"12.00";5;"http://www.chantefeuille.fr/4331-6914-thickbox/maillot-de-bain-tricolore-orange.jpg"
1;"Maillots de bain";"dls132o-3/44";"Maillot de bain ""Tricolore"" orange";"orange";"Maillot de bain bandeau ""Tricolore"" corail. Maillot imprimé tricolore dégrader. Rembourré avec coque non amovible, push up amovible. Se noue autour du cou et dans le dos. Culotte assorti, se noue sur les côtés. Composition: 82% Polyester - 18% Elasthane.";"12.00";5;"http://www.chantefeuille.fr/4331-6914-thickbox/maillot-de-bain-tricolore-orange.jpg"
1;"Maillots de bain";"dls132o-4/46";"Maillot de bain ""Tricolore"" orange";"orange";"Maillot de bain bandeau ""Tricolore"" corail. Maillot imprimé tricolore dégrader. Rembourré avec coque non amovible, push up amovible. Se noue autour du cou et dans le dos. Culotte assorti, se noue sur les côtés. Composition: 82% Polyester - 18% Elasthane.";"12.00";5;"http://www.chantefeuille.fr/4331-6914-thickbox/maillot-de-bain-tricolore-orange.jpg"
1;"Maillots de bain";"dls021n-1/40";"Maillot de bain ""Aurélie"" triangle noir";"noir";"Maillot de bain triangle ""Aurélie"" noir. Maillot rembourré avec coque non amovible. Se noue autour du cou et dans le dos. Culotte assorti, se noue sur les côtés. Composition: 82% Polyester - 18% Elasthane.";"12.00";5;"http://www.chantefeuille.fr/4332-6916-thickbox/maillot-de-bain-aurelie-triangle-noir.jpg"
1;"Maillots de bain";"dls021n-2/42";"Maillot de bain ""Aurélie"" triangle noir";"noir";"Maillot de bain triangle ""Aurélie"" noir. Maillot rembourré avec coque non amovible. Se noue autour du cou et dans le dos. Culotte assorti, se noue sur les côtés. Composition: 82% Polyester - 18% Elasthane.";"12.00";5;"http://www.chantefeuille.fr/4332-6916-thickbox/maillot-de-bain-aurelie-triangle-noir.jpg"
1;"Maillots de bain";"dls021n-3/44";"Maillot de bain ""Aurélie"" triangle noir";"noir";"Maillot de bain triangle ""Aurélie"" noir. Maillot rembourré avec coque non amovible. Se noue autour du cou et dans le dos. Culotte assorti, se noue sur les côtés. Composition: 82% Polyester - 18% Elasthane.";"12.00";5;"http://www.chantefeuille.fr/4332-6916-thickbox/maillot-de-bain-aurelie-triangle-noir.jpg"
1;"Maillots de bain";"dls021n-4/46";"Maillot de bain ""Aurélie"" triangle noir";"noir";"Maillot de bain triangle ""Aurélie"" noir. Maillot rembourré avec coque non amovible. Se noue autour du cou et dans le dos. Culotte assorti, se noue sur les côtés. Composition: 82% Polyester - 18% Elasthane.";"12.00";5;"http://www.chantefeuille.fr/4332-6916-thickbox/maillot-de-bain-aurelie-triangle-noir.jpg"
1;"Maillots de bain";"dls021b-1/40";"Maillot de bain ""Aurélie"" triangle blanc";"blanc";"Maillot de bain triangle ""Aurélie"" blanc. Maillot rembourré avec coque non amovible. Se noue autour du cou et dans le dos. Culotte assorti, se noue sur les côtés. Composition: 82% Polyester - 18% Elasthane.";"12.00";5;"http://www.chantefeuille.fr/4333-6917-thickbox/maillot-de-bain-aurelie-triangle-blanc.jpg"
1;"Maillots de bain";"dls021b-2/42";"Maillot de bain ""Aurélie"" triangle blanc";"blanc";"Maillot de bain triangle ""Aurélie"" blanc. Maillot rembourré avec coque non amovible. Se noue autour du cou et dans le dos. Culotte assorti, se noue sur les côtés. Composition: 82% Polyester - 18% Elasthane.";"12.00";5;"http://www.chantefeuille.fr/4333-6917-thickbox/maillot-de-bain-aurelie-triangle-blanc.jpg"
1;"Maillots de bain";"dls021b-3/44";"Maillot de bain ""Aurélie"" triangle blanc";"blanc";"Maillot de bain triangle ""Aurélie"" blanc. Maillot rembourré avec coque non amovible. Se noue autour du cou et dans le dos. Culotte assorti, se noue sur les côtés. Composition: 82% Polyester - 18% Elasthane.";"12.00";5;"http://www.chantefeuille.fr/4333-6917-thickbox/maillot-de-bain-aurelie-triangle-blanc.jpg"
1;"Maillots de bain";"dls021b-4/46";"Maillot de bain ""Aurélie"" triangle blanc";"blanc";"Maillot de bain triangle ""Aurélie"" blanc. Maillot rembourré avec coque non amovible. Se noue autour du cou et dans le dos. Culotte assorti, se noue sur les côtés. Composition: 82% Polyester - 18% Elasthane.";"12.00";5;"http://www.chantefeuille.fr/4333-6917-thickbox/maillot-de-bain-aurelie-triangle-blanc.jpg"
1;"Maillots de bain";"dls021t-1/40";"Maillot de bain ""Aurélie"" triangle turquoise";"turquoise";"Maillot de bain triangle ""Aurélie"" turquoise. Maillot rembourré avec coque non amovible. Se noue autour du cou et dans le dos. Culotte assorti, se noue sur les côtés. Composition: 82% Polyester - 18% Elasthane.";"12.00";5;"http://www.chantefeuille.fr/4334-6918-thickbox/maillot-de-bain-aurelie-triangle-turquoise.jpg"
1;"Maillots de bain";"dls021t-2/42";"Maillot de bain ""Aurélie"" triangle turquoise";"turquoise";"Maillot de bain triangle ""Aurélie"" turquoise. Maillot rembourré avec coque non amovible. Se noue autour du cou et dans le dos. Culotte assorti, se noue sur les côtés. Composition: 82% Polyester - 18% Elasthane.";"12.00";5;"http://www.chantefeuille.fr/4334-6918-thickbox/maillot-de-bain-aurelie-triangle-turquoise.jpg"
1;"Maillots de bain";"dls021t-3/44";"Maillot de bain ""Aurélie"" triangle turquoise";"turquoise";"Maillot de bain triangle ""Aurélie"" turquoise. Maillot rembourré avec coque non amovible. Se noue autour du cou et dans le dos. Culotte assorti, se noue sur les côtés. Composition: 82% Polyester - 18% Elasthane.";"12.00";5;"http://www.chantefeuille.fr/4334-6918-thickbox/maillot-de-bain-aurelie-triangle-turquoise.jpg"
1;"Maillots de bain";"dls021t-4/46";"Maillot de bain ""Aurélie"" triangle turquoise";"turquoise";"Maillot de bain triangle ""Aurélie"" turquoise. Maillot rembourré avec coque non amovible. Se noue autour du cou et dans le dos. Culotte assorti, se noue sur les côtés. Composition: 82% Polyester - 18% Elasthane.";"12.00";5;"http://www.chantefeuille.fr/4334-6918-thickbox/maillot-de-bain-aurelie-triangle-turquoise.jpg"
1;"Maillots de bain";"dls021f-1/40";"Maillot de bain ""Aurélie"" triangle fushia";"fushia";"Maillot de bain triangle ""Aurélie"" fushia. Maillot rembourré avec coque non amovible. Se noue autour du cou et dans le dos. Culotte assorti, se noue sur les côtés. Composition: 82% Polyester - 18% Elasthane.";"12.00";5;"http://www.chantefeuille.fr/4335-6920-thickbox/maillot-de-bain-aurelie-triangle-fushia.jpg"
1;"Maillots de bain";"dls021f-2/42";"Maillot de bain ""Aurélie"" triangle fushia";"fushia";"Maillot de bain triangle ""Aurélie"" fushia. Maillot rembourré avec coque non amovible. Se noue autour du cou et dans le dos. Culotte assorti, se noue sur les côtés. Composition: 82% Polyester - 18% Elasthane.";"12.00";5;"http://www.chantefeuille.fr/4335-6920-thickbox/maillot-de-bain-aurelie-triangle-fushia.jpg"
1;"Maillots de bain";"dls021f-3/44";"Maillot de bain ""Aurélie"" triangle fushia";"fushia";"Maillot de bain triangle ""Aurélie"" fushia. Maillot rembourré avec coque non amovible. Se noue autour du cou et dans le dos. Culotte assorti, se noue sur les côtés. Composition: 82% Polyester - 18% Elasthane.";"12.00";5;"http://www.chantefeuille.fr/4335-6920-thickbox/maillot-de-bain-aurelie-triangle-fushia.jpg"
1;"Maillots de bain";"dls021f-4/44";"Maillot de bain ""Aurélie"" triangle fushia";"fushia";"Maillot de bain triangle ""Aurélie"" fushia. Maillot rembourré avec coque non amovible. Se noue autour du cou et dans le dos. Culotte assorti, se noue sur les côtés. Composition: 82% Polyester - 18% Elasthane.";"12.00";5;"http://www.chantefeuille.fr/4335-6920-thickbox/maillot-de-bain-aurelie-triangle-fushia.jpg"
1;"";"XXX";;;